attrs==23.2.0,,,
2024/12/17 10:34,webtradepay,JPY_buy,97.2624
2024/12/17 10:34,webtradepay,JPY_sell,98.9746
2024/12/17 10:34,webtradepay,USD_buy,0.6294
2024/12/17 10:34,webtradepay,USD_sell,0.6454
2024/12/17 10:34,webtradepay,CNY_buy,4.6236
2024/12/17 10:34,webtradepay,CNY_sell,4.8006
2024/12/17 10:34,webtradepay,SGD_buy,0.8541
2024/12/17 10:34,webtradepay,SGD_sell,0.8663
2024/12/17 10:34,webtradepay,HKD_buy,4.8347
2024/12/17 10:34,webtradepay,HKD_sell,4.9957
2024/12/17 10:34,webtradepay,EUR_buy,0.6001
2024/12/17 10:34,webtradepay,EUR_sell,0.6162
2024/12/17 10:34,webtradepay,GBP_buy,0.4963
2024/12/17 10:34,webtradepay,GBP_sell,0.5084
2024/12/17 10:34,cba,JPY_buy,93.08
2024/12/17 10:34,cba,JPY_sell,102.76
2024/12/17 10:34,cba,USD_buy,0.6115
2024/12/17 10:34,cba,USD_sell,0.6626
2024/12/17 10:34,cba,CNY_buy,
2024/12/17 10:34,cba,CNY_sell,
2024/12/17 10:34,cba,SGD_buy,0.8236
2024/12/17 10:34,cba,SGD_sell,0.8963
2024/12/17 10:34,cba,HKD_buy,4.7432
2024/12/17 10:34,cba,HKD_sell,5.1617
2024/12/17 10:34,cba,EUR_buy,0.5811
2024/12/17 10:34,cba,EUR_sell,0.6311
2024/12/17 10:34,cba,GBP_buy,0.4816
2024/12/17 10:34,cba,GBP_sell,0.523
2024/12/17 10:34,pandaremit,AUD_to_JPY_midmarket,97.7305
2024/12/17 10:34,pandaremit,AUD_to_USD_midmarket,0.6349
2024/12/17 10:34,moneychase,JPY_buy,95.8772
2024/12/17 10:34,moneychase,JPY_sell,99.7989
2024/12/17 10:34,moneychase,USD_buy,0.624
2024/12/17 10:34,moneychase,USD_sell,0.657
2024/12/17 10:34,moneychase,CNY_buy,4.5785
2024/12/17 10:34,moneychase,CNY_sell,4.8185
2024/12/17 10:34,moneychase,SGD_buy,0.841
2024/12/17 10:34,moneychase,SGD_sell,0.8809
2024/12/17 10:34,moneychain,JPY_buy,97.2569
2024/12/17 10:34,moneychain,JPY_sell,99.9569
2024/12/17 10:34,moneychase,HKD_buy,4.8974
2024/12/17 10:34,moneychase,HKD_sell,5.0877
2024/12/17 10:34,moneychain,USD_buy,0.6303
2024/12/17 10:34,moneychain,USD_sell,0.6443
2024/12/17 10:34,moneychase,EUR_buy,0.5855
2024/12/17 10:34,moneychase,EUR_sell,0.6204
2024/12/17 10:34,moneychain,CNY_buy,4.6314
2024/12/17 10:34,moneychain,CNY_sell,4.797
2024/12/17 10:34,moneychain,SGD_buy,0.854
2024/12/17 10:34,moneychase,GBP_buy,0.4865
2024/12/17 10:34,moneychase,GBP_sell,0.5235
2024/12/17 10:34,moneychain,SGD_sell,0.8695
2024/12/17 10:34,moneychain,HKD_buy,4.9042
2024/12/17 10:34,moneychain,HKD_sell,5.0142
2024/12/17 10:34,moneychain,EUR_buy,0.6001
2024/12/17 10:34,moneychain,EUR_sell,0.6261
2024/12/17 10:34,moneychain,GBP_buy,0.4923
2024/12/17 10:34,moneychain,GBP_sell,0.5173
2024/12/17 10:34,anz,JPY_buy,94.84
2024/12/17 10:34,anz,JPY_sell,101.23
2024/12/17 10:34,anz,USD_buy,0.6158
2024/12/17 10:34,anz,USD_sell,0.656
2024/12/17 10:34,anz,CNY_buy,
2024/12/17 10:34,anz,CNY_sell,
2024/12/17 10:34,anz,SGD_buy,0.831
2024/12/17 10:34,anz,SGD_sell,0.889
2024/12/17 10:34,anz,HKD_buy,4.788
2024/12/17 10:34,anz,HKD_sell,5.104
2024/12/17 10:34,anz,EUR_buy,0.5847
2024/12/17 10:34,anz,EUR_sell,0.626
2024/12/17 10:34,anz,GBP_buy,0.4845
2024/12/17 10:34,anz,GBP_sell,0.5183
2024/12/17 10:34,pandaremit,AUD_to_CNY_midmarket,4.6813
2024/12/17 10:34,pandaremit,AUD_to_SGD_midmarket,0.8576
2024/12/17 10:34,wise,AUD_to_JPY_midmarket,98.2634
2024/12/17 10:34,pandaremit,AUD_to_HKD_midmarket,4.9363
2024/12/17 10:34,pandaremit,AUD_to_EUR_midmarket,0.6042
2024/12/17 10:34,pandaremit,AUD_to_GBP_midmarket,0.5002
2024/12/17 10:34,wise,AUD_to_USD_midmarket,0.63735
2024/12/17 10:34,wise,AUD_to_CNY_midmarket,4.64243
2024/12/17 10:34,wise,AUD_to_SGD_midmarket,0.860096
2024/12/17 10:34,wise,AUD_to_HKD_midmarket,4.9542
2024/12/17 10:34,wise,AUD_to_EUR_midmarket,0.606221
2024/12/17 10:34,wise,AUD_to_GBP_midmarket,0.5023252024-12-17 10:35:45,webtradepay,JPY_buy,97.26250000
2024-12-17 10:35:45,webtradepay,JPY_sell,98.97120000
2024-12-17 10:35:45,webtradepay,USD_buy,0.62930000
2024-12-17 10:35:45,webtradepay,USD_sell,0.64540000
2024-12-17 10:35:45,webtradepay,CNY_buy,4.62350000
2024-12-17 10:35:45,webtradepay,CNY_sell,4.80040000
2024-12-17 10:35:45,webtradepay,SGD_buy,0.85410000
2024-12-17 10:35:45,webtradepay,SGD_sell,0.86630000
2024-12-17 10:35:45,webtradepay,HKD_buy,4.83460000
2024-12-17 10:35:45,webtradepay,HKD_sell,4.99550000
2024-12-17 10:35:45,webtradepay,EUR_buy,0.60020000
2024-12-17 10:35:45,webtradepay,EUR_sell,0.61630000
2024-12-17 10:35:45,webtradepay,GBP_buy,0.49630000
2024-12-17 10:35:45,webtradepay,GBP_sell,0.50840000
2024-12-17 10:35:45,pandaremit,AUD_to_JPY_midmarket,97.71710000
2024-12-17 10:35:46,pandaremit,AUD_to_USD_midmarket,0.63490000
2024-12-17 10:35:46,cba,JPY_buy,93.08000000
2024-12-17 10:35:46,cba,JPY_sell,102.76000000
2024-12-17 10:35:46,cba,USD_buy,0.61150000
2024-12-17 10:35:46,cba,USD_sell,0.66260000
2024-12-17 10:35:46,cba,CNY_buy,
2024-12-17 10:35:46,cba,CNY_sell,
2024-12-17 10:35:46,cba,SGD_buy,0.82360000
2024-12-17 10:35:46,cba,SGD_sell,0.89630000
2024-12-17 10:35:46,cba,HKD_buy,4.74320000
2024-12-17 10:35:46,cba,HKD_sell,5.16170000
2024-12-17 10:35:46,cba,EUR_buy,0.58110000
2024-12-17 10:35:46,cba,EUR_sell,0.63110000
2024-12-17 10:35:46,cba,GBP_buy,0.48160000
2024-12-17 10:35:46,cba,GBP_sell,0.52300000
2024-12-17 10:35:47,moneychain,JPY_buy,97.25540000
2024-12-17 10:35:47,moneychain,JPY_sell,99.95540000
2024-12-17 10:35:47,moneychain,USD_buy,0.63030000
2024-12-17 10:35:47,moneychain,USD_sell,0.64430000
2024-12-17 10:35:47,moneychain,CNY_buy,4.63140000
2024-12-17 10:35:47,moneychain,CNY_sell,4.79700000
2024-12-17 10:35:47,moneychain,SGD_buy,0.85450000
2024-12-17 10:35:47,moneychain,SGD_sell,0.87000000
2024-12-17 10:35:47,moneychain,HKD_buy,4.90360000
2024-12-17 10:35:47,moneychain,HKD_sell,5.01360000
2024-12-17 10:35:47,moneychain,EUR_buy,0.60020000
2024-12-17 10:35:47,moneychain,EUR_sell,0.62620000
2024-12-17 10:35:47,moneychain,GBP_buy,0.49230000
2024-12-17 10:35:47,moneychain,GBP_sell,0.51730000
2024-12-17 10:35:47,moneychase,JPY_buy,95.82720000
2024-12-17 10:35:47,moneychase,JPY_sell,99.74890000
2024-12-17 10:35:47,moneychase,USD_buy,0.62370000
2024-12-17 10:35:47,moneychase,USD_sell,0.65670000
2024-12-17 10:35:47,moneychase,CNY_buy,4.57610000
2024-12-17 10:35:47,moneychase,CNY_sell,4.81610000
2024-12-17 10:35:47,moneychase,SGD_buy,0.84060000
2024-12-17 10:35:47,moneychase,SGD_sell,0.88050000
2024-12-17 10:35:47,moneychase,HKD_buy,4.89490000
2024-12-17 10:35:47,moneychase,HKD_sell,5.08520000
2024-12-17 10:35:47,moneychase,EUR_buy,0.58520000
2024-12-17 10:35:47,moneychase,EUR_sell,0.62010000
2024-12-17 10:35:47,moneychase,GBP_buy,0.48630000
2024-12-17 10:35:47,moneychase,GBP_sell,0.52330000
2024-12-17 10:35:48,anz,JPY_buy,94.84000000
2024-12-17 10:35:48,anz,JPY_sell,101.23000000
2024-12-17 10:35:48,anz,USD_buy,0.61580000
2024-12-17 10:35:48,anz,USD_sell,0.65600000
2024-12-17 10:35:48,anz,CNY_buy,
2024-12-17 10:35:48,anz,CNY_sell,
2024-12-17 10:35:48,anz,SGD_buy,0.83100000
2024-12-17 10:35:48,anz,SGD_sell,0.88900000
2024-12-17 10:35:48,anz,HKD_buy,4.78800000
2024-12-17 10:35:48,anz,HKD_sell,5.10400000
2024-12-17 10:35:48,anz,EUR_buy,0.58470000
2024-12-17 10:35:48,anz,EUR_sell,0.62600000
2024-12-17 10:35:48,anz,GBP_buy,0.48450000
2024-12-17 10:35:48,anz,GBP_sell,0.51830000
2024-12-17 10:35:49,wise,AUD_to_JPY_midmarket,98.26660000
2024-12-17 10:35:49,wise,AUD_to_USD_midmarket,0.63735000
2024-12-17 10:35:50,wise,AUD_to_CNY_midmarket,4.64243000
2024-12-17 10:35:48,pandaremit,AUD_to_CNY_midmarket,4.68080000
2024-12-17 10:35:51,pandaremit,AUD_to_SGD_midmarket,0.85760000
2024-12-17 10:35:51,pandaremit,AUD_to_HKD_midmarket,4.93630000
2024-12-17 10:35:51,pandaremit,AUD_to_EUR_midmarket,0.60420000
2024-12-17 10:35:51,pandaremit,AUD_to_GBP_midmarket,0.50020000
2024-12-17 10:35:51,wise,AUD_to_SGD_midmarket,0.86023100
2024-12-17 10:35:53,wise,AUD_to_HKD_midmarket,4.95498000
2024-12-17 10:35:54,wise,AUD_to_EUR_midmarket,0.60612500
2024-12-17 10:35:55,wise,AUD_to_GBP_midmarket,0.50234500
2024-12-24 15:04:46,webtradepay,JPY_buy,96.99970000
2024-12-24 15:04:46,webtradepay,JPY_sell,98.71000000
2024-12-24 15:04:46,webtradepay,USD_buy,0.61590000
2024-12-24 15:04:46,webtradepay,USD_sell,0.63190000
2024-12-24 15:04:46,webtradepay,CNY_buy,4.55680000
2024-12-24 15:04:46,webtradepay,CNY_sell,4.73050000
2024-12-24 15:04:46,webtradepay,SGD_buy,0.84170000
2024-12-24 15:04:46,webtradepay,SGD_sell,0.85380000
2024-12-24 15:04:46,webtradepay,HKD_buy,4.72640000
2024-12-24 15:04:46,webtradepay,HKD_sell,4.88700000
2024-12-24 15:04:46,webtradepay,EUR_buy,0.59430000
2024-12-24 15:04:46,webtradepay,EUR_sell,0.61040000
2024-12-24 15:04:46,webtradepay,GBP_buy,0.49180000
2024-12-24 15:04:46,webtradepay,GBP_sell,0.50380000
2024-12-24 15:04:46,pandaremit,AUD_to_JPY_midmarket,97.39000000
2024-12-24 15:04:47,cba,JPY_buy,92.86000000
2024-12-24 15:04:47,cba,JPY_sell,102.49000000
2024-12-24 15:04:47,cba,USD_buy,0.59840000
2024-12-24 15:04:47,cba,USD_sell,0.64820000
2024-12-24 15:04:47,cba,CNY_buy,
2024-12-24 15:04:47,cba,CNY_sell,
2024-12-24 15:04:47,cba,SGD_buy,0.81030000
2024-12-24 15:04:47,cba,SGD_sell,0.88150000
2024-12-24 15:04:47,pandaremit,AUD_to_USD_midmarket,0.62130000
2024-12-24 15:04:47,cba,HKD_buy,4.63860000
2024-12-24 15:04:47,cba,HKD_sell,5.04660000
2024-12-24 15:04:47,cba,EUR_buy,0.57460000
2024-12-24 15:04:47,cba,EUR_sell,0.62390000
2024-12-24 15:04:47,cba,GBP_buy,0.47690000
2024-12-24 15:04:47,cba,GBP_sell,0.51780000
2024-12-24 15:04:48,moneychain,JPY_buy,96.96040000
2024-12-24 15:04:48,moneychain,JPY_sell,99.66040000
2024-12-24 15:04:48,moneychain,USD_buy,0.61690000
2024-12-24 15:04:48,moneychain,USD_sell,0.63090000
2024-12-24 15:04:48,moneychain,CNY_buy,4.54640000
2024-12-24 15:04:48,moneychain,CNY_sell,4.71640000
2024-12-24 15:04:48,moneychain,SGD_buy,0.84180000
2024-12-24 15:04:48,moneychain,SGD_sell,0.85730000
2024-12-24 15:04:48,moneychain,HKD_buy,4.79470000
2024-12-24 15:04:48,moneychain,HKD_sell,4.90470000
2024-12-24 15:04:48,moneychain,EUR_buy,0.59430000
2024-12-24 15:04:48,moneychain,EUR_sell,0.62030000
2024-12-24 15:04:48,moneychain,GBP_buy,0.48780000
2024-12-24 15:04:48,moneychain,GBP_sell,0.51280000
2024-12-24 15:04:48,moneychase,JPY_buy,95.60720000
2024-12-24 15:04:48,moneychase,JPY_sell,99.52890000
2024-12-24 15:04:48,moneychase,USD_buy,0.61050000
2024-12-24 15:04:48,moneychase,USD_sell,0.64350000
2024-12-24 15:04:48,moneychase,CNY_buy,4.49910000
2024-12-24 15:04:48,moneychase,CNY_sell,4.74910000
2024-12-24 15:04:48,moneychase,SGD_buy,0.82850000
2024-12-24 15:04:48,moneychase,SGD_sell,0.86840000
2024-12-24 15:04:48,moneychase,HKD_buy,4.78890000
2024-12-24 15:04:48,moneychase,HKD_sell,4.97920000
2024-12-24 15:04:48,moneychase,EUR_buy,0.57960000
2024-12-24 15:04:48,moneychase,EUR_sell,0.61450000
2024-12-24 15:04:48,moneychase,GBP_buy,0.48190000
2024-12-24 15:04:48,moneychase,GBP_sell,0.51890000
2024-12-24 15:04:49,wise,AUD_to_JPY_midmarket,97.98490000
2024-12-24 15:04:50,wise,AUD_to_USD_midmarket,0.62385000
2024-12-24 15:04:51,anz,JPY_buy,94.83000000
2024-12-24 15:04:51,anz,JPY_sell,101.23000000
2024-12-24 15:04:51,anz,USD_buy,0.60410000
2024-12-24 15:04:51,anz,USD_sell,0.64370000
2024-12-24 15:04:51,anz,CNY_buy,
2024-12-24 15:04:51,anz,CNY_sell,
2024-12-24 15:04:51,anz,SGD_buy,0.82000000
2024-12-24 15:04:51,anz,SGD_sell,0.87600000
2024-12-24 15:04:51,anz,HKD_buy,4.69400000
2024-12-24 15:04:51,anz,HKD_sell,5.00400000
2024-12-24 15:04:51,anz,EUR_buy,0.57890000
2024-12-24 15:04:51,anz,EUR_sell,0.61980000
2024-12-24 15:04:51,anz,GBP_buy,0.48110000
2024-12-24 15:04:51,anz,GBP_sell,0.51470000
2024-12-24 15:04:51,wise,AUD_to_CNY_midmarket,4.55272000
2024-12-24 15:04:48,pandaremit,AUD_to_CNY_midmarket,4.59290000
2024-12-24 15:04:51,pandaremit,AUD_to_SGD_midmarket,0.84510000
2024-12-24 15:04:51,pandaremit,AUD_to_HKD_midmarket,4.82610000
2024-12-24 15:04:51,pandaremit,AUD_to_EUR_midmarket,0.59830000
2024-12-24 15:04:52,pandaremit,AUD_to_GBP_midmarket,0.49530000
2024-12-24 15:04:52,wise,AUD_to_SGD_midmarket,0.84758300
2024-12-24 15:04:53,wise,AUD_to_HKD_midmarket,4.84557000
2024-12-24 15:04:54,wise,AUD_to_EUR_midmarket,0.60031800
2024-12-24 15:04:55,wise,AUD_to_GBP_midmarket,0.49770600
2024-12-24 15:05:13,webtradepay,JPY_buy,96.94950000
2024-12-24 15:05:13,webtradepay,JPY_sell,98.66300000
2024-12-24 15:05:13,webtradepay,USD_buy,0.61560000
2024-12-24 15:05:13,webtradepay,USD_sell,0.63170000
2024-12-24 15:05:13,webtradepay,CNY_buy,4.55500000
2024-12-24 15:05:13,webtradepay,CNY_sell,4.72890000
2024-12-24 15:05:13,webtradepay,SGD_buy,0.84150000
2024-12-24 15:05:13,webtradepay,SGD_sell,0.85360000
2024-12-24 15:05:13,webtradepay,HKD_buy,4.72450000
2024-12-24 15:05:13,webtradepay,HKD_sell,4.88530000
2024-12-24 15:05:13,webtradepay,EUR_buy,0.59410000
2024-12-24 15:05:13,webtradepay,EUR_sell,0.61020000
2024-12-24 15:05:13,webtradepay,GBP_buy,0.49160000
2024-12-24 15:05:13,webtradepay,GBP_sell,0.50370000
2024-12-24 15:05:14,pandaremit,AUD_to_JPY_midmarket,97.41320000
2024-12-24 15:05:14,cba,JPY_buy,92.86000000
2024-12-24 15:05:14,pandaremit,AUD_to_USD_midmarket,0.62130000
2024-12-24 15:05:14,cba,JPY_sell,102.49000000
2024-12-24 15:05:14,cba,USD_buy,0.59840000
2024-12-24 15:05:14,cba,USD_sell,0.64820000
2024-12-24 15:05:14,cba,CNY_buy,
2024-12-24 15:05:14,cba,CNY_sell,
2024-12-24 15:05:14,cba,SGD_buy,0.81030000
2024-12-24 15:05:14,cba,SGD_sell,0.88150000
2024-12-24 15:05:14,cba,HKD_buy,4.63860000
2024-12-24 15:05:14,cba,HKD_sell,5.04660000
2024-12-24 15:05:14,cba,EUR_buy,0.57460000
2024-12-24 15:05:14,cba,EUR_sell,0.62390000
2024-12-24 15:05:14,cba,GBP_buy,0.47690000
2024-12-24 15:05:14,cba,GBP_sell,0.51780000
2024-12-24 15:05:15,moneychain,JPY_buy,96.96030000
2024-12-24 15:05:15,moneychain,JPY_sell,99.66030000
2024-12-24 15:05:15,moneychain,USD_buy,0.61690000
2024-12-24 15:05:15,moneychain,USD_sell,0.63090000
2024-12-24 15:05:15,moneychain,CNY_buy,4.54810000
2024-12-24 15:05:15,moneychain,CNY_sell,4.71810000
2024-12-24 15:05:15,moneychain,SGD_buy,0.84190000
2024-12-24 15:05:15,moneychain,SGD_sell,0.85740000
2024-12-24 15:05:15,moneychain,HKD_buy,4.79510000
2024-12-24 15:05:15,moneychain,HKD_sell,4.90510000
2024-12-24 15:05:15,moneychain,EUR_buy,0.59430000
2024-12-24 15:05:15,moneychain,EUR_sell,0.62030000
2024-12-24 15:05:15,moneychain,GBP_buy,0.48780000
2024-12-24 15:05:15,moneychain,GBP_sell,0.51280000
2024-12-24 15:05:15,moneychase,JPY_buy,95.59720000
2024-12-24 15:05:15,moneychase,JPY_sell,99.51890000
2024-12-24 15:05:15,moneychase,USD_buy,0.61040000
2024-12-24 15:05:15,moneychase,USD_sell,0.64340000
2024-12-24 15:05:15,moneychase,CNY_buy,4.49830000
2024-12-24 15:05:15,moneychase,CNY_sell,4.74830000
2024-12-24 15:05:15,moneychase,SGD_buy,0.82840000
2024-12-24 15:05:15,moneychase,SGD_sell,0.86830000
2024-12-24 15:05:15,moneychase,HKD_buy,4.78790000
2024-12-24 15:05:15,moneychase,HKD_sell,4.97820000
2024-12-24 15:05:15,moneychase,EUR_buy,0.57950000
2024-12-24 15:05:15,moneychase,EUR_sell,0.61440000
2024-12-24 15:05:15,moneychase,GBP_buy,0.48190000
2024-12-24 15:05:15,moneychase,GBP_sell,0.51890000
2024-12-24 15:05:17,wise,AUD_to_JPY_midmarket,97.99750000
2024-12-24 15:05:17,anz,JPY_buy,94.83000000
2024-12-24 15:05:17,anz,JPY_sell,101.23000000
2024-12-24 15:05:17,anz,USD_buy,0.60410000
2024-12-24 15:05:17,anz,USD_sell,0.64370000
2024-12-24 15:05:17,anz,CNY_buy,
2024-12-24 15:05:17,anz,CNY_sell,
2024-12-24 15:05:17,anz,SGD_buy,0.82000000
2024-12-24 15:05:17,anz,SGD_sell,0.87600000
2024-12-24 15:05:17,anz,HKD_buy,4.69400000
2024-12-24 15:05:17,anz,HKD_sell,5.00400000
2024-12-24 15:05:17,anz,EUR_buy,0.57890000
2024-12-24 15:05:17,anz,EUR_sell,0.61980000
2024-12-24 15:05:17,anz,GBP_buy,0.48110000
2024-12-24 15:05:17,anz,GBP_sell,0.51470000
2024-12-24 15:05:17,wise,AUD_to_USD_midmarket,0.62385000
2024-12-24 15:05:15,pandaremit,AUD_to_CNY_midmarket,4.59390000
2024-12-24 15:05:18,pandaremit,AUD_to_SGD_midmarket,0.84510000
2024-12-24 15:05:18,pandaremit,AUD_to_HKD_midmarket,4.82610000
2024-12-24 15:05:18,pandaremit,AUD_to_EUR_midmarket,0.59830000
2024-12-24 15:05:18,pandaremit,AUD_to_GBP_midmarket,0.49540000
2024-12-24 15:05:18,wise,AUD_to_CNY_midmarket,4.55272000
2024-12-24 15:05:20,wise,AUD_to_SGD_midmarket,0.84771900
2024-12-24 15:05:21,wise,AUD_to_HKD_midmarket,4.84557000
2024-12-24 15:05:22,wise,AUD_to_EUR_midmarket,0.60019200
2024-12-24 15:05:23,wise,AUD_to_GBP_midmarket,0.49764600
2024-12-24 16:48:18,webtradepay,JPY_buy,96.92140000
2024-12-24 16:48:18,webtradepay,JPY_sell,98.63200000
2024-12-24 16:48:18,webtradepay,USD_buy,0.61590000
2024-12-24 16:48:18,webtradepay,USD_sell,0.63190000
2024-12-24 16:48:18,webtradepay,CNY_buy,4.55660000
2024-12-24 16:48:18,webtradepay,CNY_sell,4.73040000
2024-12-24 16:48:18,webtradepay,SGD_buy,0.84140000
2024-12-24 16:48:18,webtradepay,SGD_sell,0.85360000
2024-12-24 16:48:18,webtradepay,HKD_buy,4.72660000
2024-12-24 16:48:18,webtradepay,HKD_sell,4.88730000
2024-12-24 16:48:18,webtradepay,EUR_buy,0.59410000
2024-12-24 16:48:18,webtradepay,EUR_sell,0.61020000
2024-12-24 16:48:18,webtradepay,GBP_buy,0.49170000
2024-12-24 16:48:18,webtradepay,GBP_sell,0.50370000
2024-12-24 16:48:18,pandaremit,AUD_to_JPY_midmarket,97.32560000
2024-12-24 16:48:19,pandaremit,AUD_to_USD_midmarket,0.62130000
2024-12-24 16:48:19,cba,JPY_buy,92.86000000
2024-12-24 16:48:19,cba,JPY_sell,102.49000000
2024-12-24 16:48:19,cba,USD_buy,0.59840000
2024-12-24 16:48:19,cba,USD_sell,0.64820000
2024-12-24 16:48:19,cba,CNY_buy,
2024-12-24 16:48:19,cba,CNY_sell,
2024-12-24 16:48:19,cba,SGD_buy,0.81030000
2024-12-24 16:48:19,cba,SGD_sell,0.88150000
2024-12-24 16:48:19,cba,HKD_buy,4.63860000
2024-12-24 16:48:19,cba,HKD_sell,5.04660000
2024-12-24 16:48:19,cba,EUR_buy,0.57460000
2024-12-24 16:48:19,cba,EUR_sell,0.62390000
2024-12-24 16:48:19,cba,GBP_buy,0.47690000
2024-12-24 16:48:19,cba,GBP_sell,0.51780000
2024-12-24 16:48:20,moneychain,JPY_buy,96.89080000
2024-12-24 16:48:20,moneychain,JPY_sell,99.59080000
2024-12-24 16:48:20,moneychain,USD_buy,0.61700000
2024-12-24 16:48:20,moneychain,USD_sell,0.63100000
2024-12-24 16:48:20,moneychain,CNY_buy,4.54760000
2024-12-24 16:48:20,moneychain,CNY_sell,4.71760000
2024-12-24 16:48:20,moneychain,SGD_buy,0.84190000
2024-12-24 16:48:20,moneychain,SGD_sell,0.85740000
2024-12-24 16:48:20,moneychain,HKD_buy,4.79570000
2024-12-24 16:48:20,moneychain,HKD_sell,4.90570000
2024-12-24 16:48:20,moneychain,EUR_buy,0.59420000
2024-12-24 16:48:20,moneychain,EUR_sell,0.62020000
2024-12-24 16:48:20,moneychain,GBP_buy,0.48780000
2024-12-24 16:48:20,moneychain,GBP_sell,0.51280000
2024-12-24 16:48:20,moneychase,JPY_buy,95.53720000
2024-12-24 16:48:20,moneychase,JPY_sell,99.45890000
2024-12-24 16:48:20,moneychase,USD_buy,0.61060000
2024-12-24 16:48:20,moneychase,USD_sell,0.64360000
2024-12-24 16:48:20,moneychase,CNY_buy,4.49860000
2024-12-24 16:48:20,moneychase,CNY_sell,4.74860000
2024-12-24 16:48:20,moneychase,SGD_buy,0.82830000
2024-12-24 16:48:20,moneychase,SGD_sell,0.86820000
2024-12-24 16:48:20,moneychase,HKD_buy,4.78940000
2024-12-24 16:48:20,moneychase,HKD_sell,4.97970000
2024-12-24 16:48:20,moneychase,EUR_buy,0.57940000
2024-12-24 16:48:20,moneychase,EUR_sell,0.61430000
2024-12-24 16:48:20,moneychase,GBP_buy,0.48190000
2024-12-24 16:48:20,moneychase,GBP_sell,0.51890000
2024-12-24 16:48:22,wise,AUD_to_JPY_midmarket,97.94150000
2024-12-24 16:48:20,pandaremit,AUD_to_CNY_midmarket,4.59400000
2024-12-24 16:48:22,pandaremit,AUD_to_SGD_midmarket,0.84480000
2024-12-24 16:48:22,pandaremit,AUD_to_HKD_midmarket,4.82720000
2024-12-24 16:48:22,pandaremit,AUD_to_EUR_midmarket,0.59810000
2024-12-24 16:48:22,pandaremit,AUD_to_GBP_midmarket,0.49520000
2024-12-24 16:48:22,wise,AUD_to_USD_midmarket,0.62390000
2024-12-24 16:48:23,wise,AUD_to_CNY_midmarket,4.55444000
2024-12-24 16:48:24,wise,AUD_to_SGD_midmarket,0.84767800
2024-12-24 16:48:25,anz,JPY_buy,94.83000000
2024-12-24 16:48:25,anz,JPY_sell,101.23000000
2024-12-24 16:48:25,anz,USD_buy,0.60410000
2024-12-24 16:48:25,anz,USD_sell,0.64370000
2024-12-24 16:48:25,anz,CNY_buy,
2024-12-24 16:48:25,anz,CNY_sell,
2024-12-24 16:48:25,anz,SGD_buy,0.82000000
2024-12-24 16:48:25,anz,SGD_sell,0.87600000
2024-12-24 16:48:25,anz,HKD_buy,4.69400000
2024-12-24 16:48:25,anz,HKD_sell,5.00400000
2024-12-24 16:48:25,anz,EUR_buy,0.57890000
2024-12-24 16:48:25,anz,EUR_sell,0.61980000
2024-12-24 16:48:25,anz,GBP_buy,0.48110000
2024-12-24 16:48:25,anz,GBP_sell,0.51470000
2024-12-24 16:48:25,wise,AUD_to_HKD_midmarket,4.84828000
2024-12-24 16:48:27,wise,AUD_to_EUR_midmarket,0.60030800
2024-12-24 16:48:28,wise,AUD_to_GBP_midmarket,0.49766600
2024-12-24 16:50:19,webtradepay,JPY_buy,96.91370000
2024-12-24 16:50:19,webtradepay,JPY_sell,98.62770000
2024-12-24 16:50:19,webtradepay,USD_buy,0.61590000
2024-12-24 16:50:19,webtradepay,USD_sell,0.63200000
2024-12-24 16:50:19,webtradepay,CNY_buy,4.55720000
2024-12-24 16:50:19,webtradepay,CNY_sell,4.73110000
2024-12-24 16:50:19,webtradepay,SGD_buy,0.84160000
2024-12-24 16:50:19,webtradepay,SGD_sell,0.85370000
2024-12-24 16:50:19,webtradepay,HKD_buy,4.72690000
2024-12-24 16:50:19,webtradepay,HKD_sell,4.88780000
2024-12-24 16:50:19,webtradepay,EUR_buy,0.59420000
2024-12-24 16:50:19,webtradepay,EUR_sell,0.61020000
2024-12-24 16:50:19,webtradepay,GBP_buy,0.49170000
2024-12-24 16:50:19,webtradepay,GBP_sell,0.50370000
2024-12-24 16:50:19,pandaremit,AUD_to_JPY_midmarket,97.32360000
2024-12-24 16:50:20,pandaremit,AUD_to_USD_midmarket,0.62130000
2024-12-24 16:50:20,cba,JPY_buy,92.86000000
2024-12-24 16:50:20,cba,JPY_sell,102.49000000
2024-12-24 16:50:20,cba,USD_buy,0.59840000
2024-12-24 16:50:20,cba,USD_sell,0.64820000
2024-12-24 16:50:20,cba,CNY_buy,
2024-12-24 16:50:20,cba,CNY_sell,
2024-12-24 16:50:20,cba,SGD_buy,0.81030000
2024-12-24 16:50:20,cba,SGD_sell,0.88150000
2024-12-24 16:50:20,cba,HKD_buy,4.63860000
2024-12-24 16:50:20,cba,HKD_sell,5.04660000
2024-12-24 16:50:20,cba,EUR_buy,0.57460000
2024-12-24 16:50:20,cba,EUR_sell,0.62390000
2024-12-24 16:50:20,cba,GBP_buy,0.47690000
2024-12-24 16:50:20,cba,GBP_sell,0.51780000
2024-12-24 16:50:20,moneychain,JPY_buy,96.89980000
2024-12-24 16:50:20,moneychain,JPY_sell,99.59980000
2024-12-24 16:50:20,moneychain,USD_buy,0.61720000
2024-12-24 16:50:20,moneychain,USD_sell,0.63120000
2024-12-24 16:50:20,moneychain,CNY_buy,4.54970000
2024-12-24 16:50:20,moneychain,CNY_sell,4.71970000
2024-12-24 16:50:20,moneychain,SGD_buy,0.84200000
2024-12-24 16:50:20,moneychain,SGD_sell,0.85750000
2024-12-24 16:50:20,moneychain,HKD_buy,4.79740000
2024-12-24 16:50:20,moneychain,HKD_sell,4.90740000
2024-12-24 16:50:20,moneychain,EUR_buy,0.59430000
2024-12-24 16:50:20,moneychain,EUR_sell,0.62030000
2024-12-24 16:50:20,moneychain,GBP_buy,0.48780000
2024-12-24 16:50:20,moneychain,GBP_sell,0.51280000
2024-12-24 16:50:21,anz,JPY_buy,94.83000000
2024-12-24 16:50:21,anz,JPY_sell,101.23000000
2024-12-24 16:50:21,anz,USD_buy,0.60410000
2024-12-24 16:50:21,anz,USD_sell,0.64370000
2024-12-24 16:50:21,anz,CNY_buy,
2024-12-24 16:50:21,anz,CNY_sell,
2024-12-24 16:50:21,anz,SGD_buy,0.82000000
2024-12-24 16:50:21,anz,SGD_sell,0.87600000
2024-12-24 16:50:21,anz,HKD_buy,4.69400000
2024-12-24 16:50:21,anz,HKD_sell,5.00400000
2024-12-24 16:50:21,anz,EUR_buy,0.57890000
2024-12-24 16:50:21,anz,EUR_sell,0.61980000
2024-12-24 16:50:21,anz,GBP_buy,0.48110000
2024-12-24 16:50:21,anz,GBP_sell,0.51470000
2024-12-24 16:50:21,moneychase,JPY_buy,95.49720000
2024-12-24 16:50:21,moneychase,JPY_sell,99.41890000
2024-12-24 16:50:21,moneychase,USD_buy,0.61040000
2024-12-24 16:50:21,moneychase,USD_sell,0.64340000
2024-12-24 16:50:21,moneychase,CNY_buy,4.49640000
2024-12-24 16:50:21,moneychase,CNY_sell,4.74640000
2024-12-24 16:50:21,moneychase,SGD_buy,0.82800000
2024-12-24 16:50:21,moneychase,SGD_sell,0.86790000
2024-12-24 16:50:21,moneychase,HKD_buy,4.78780000
2024-12-24 16:50:21,moneychase,HKD_sell,4.97810000
2024-12-24 16:50:21,moneychase,EUR_buy,0.57920000
2024-12-24 16:50:21,moneychase,EUR_sell,0.61410000
2024-12-24 16:50:21,moneychase,GBP_buy,0.48180000
2024-12-24 16:50:21,moneychase,GBP_sell,0.51880000
2024-12-24 16:50:19,wise,AUD_to_JPY_midmarket,97.93990000
2024-12-24 16:50:21,pandaremit,AUD_to_CNY_midmarket,4.59360000
2024-12-24 16:50:22,pandaremit,AUD_to_SGD_midmarket,0.84480000
2024-12-24 16:50:23,pandaremit,AUD_to_HKD_midmarket,4.82720000
2024-12-24 16:50:23,pandaremit,AUD_to_EUR_midmarket,0.59810000
2024-12-24 16:50:23,pandaremit,AUD_to_GBP_midmarket,0.49520000
2024-12-24 16:50:23,wise,AUD_to_USD_midmarket,0.62400000
2024-12-24 16:50:24,wise,AUD_to_CNY_midmarket,4.55328000
2024-12-24 16:50:25,wise,AUD_to_SGD_midmarket,0.84767300
2024-12-24 16:50:26,wise,AUD_to_HKD_midmarket,4.84758000
2024-12-24 16:50:27,wise,AUD_to_EUR_midmarket,0.60018300
2024-12-24 16:50:28,wise,AUD_to_GBP_midmarket,0.49772700
2024-12-24 17:18:23,pandaremit,AUD_to_JPY_midmarket,97.34040000
2024-12-24 17:18:23,webtradepay,JPY_buy,96.90570000
2024-12-24 17:18:23,webtradepay,JPY_sell,98.61860000
2024-12-24 17:18:23,webtradepay,USD_buy,0.61580000
2024-12-24 17:18:23,webtradepay,USD_sell,0.63180000
2024-12-24 17:18:23,pandaremit,AUD_to_USD_midmarket,0.62180000
2024-12-24 17:18:23,webtradepay,CNY_buy,4.55610000
2024-12-24 17:18:23,webtradepay,CNY_sell,4.73000000
2024-12-24 17:18:23,webtradepay,SGD_buy,0.84170000
2024-12-24 17:18:23,webtradepay,SGD_sell,0.85380000
2024-12-24 17:18:23,webtradepay,HKD_buy,4.72550000
2024-12-24 17:18:23,webtradepay,HKD_sell,4.88630000
2024-12-24 17:18:23,webtradepay,EUR_buy,0.59400000
2024-12-24 17:18:23,webtradepay,EUR_sell,0.61010000
2024-12-24 17:18:23,webtradepay,GBP_buy,0.49160000
2024-12-24 17:18:23,webtradepay,GBP_sell,0.50360000
2024-12-24 17:18:26,cba,JPY_buy,92.86000000
2024-12-24 17:18:26,cba,JPY_sell,102.49000000
2024-12-24 17:18:26,cba,USD_buy,0.59840000
2024-12-24 17:18:26,cba,USD_sell,0.64820000
2024-12-24 17:18:26,cba,CNY_buy,
2024-12-24 17:18:26,cba,CNY_sell,
2024-12-24 17:18:26,cba,SGD_buy,0.81030000
2024-12-24 17:18:26,cba,SGD_sell,0.88150000
2024-12-24 17:18:26,cba,HKD_buy,4.63860000
2024-12-24 17:18:26,cba,HKD_sell,5.04660000
2024-12-24 17:18:26,cba,EUR_buy,0.57460000
2024-12-24 17:18:26,cba,EUR_sell,0.62390000
2024-12-24 17:18:26,cba,GBP_buy,0.47690000
2024-12-24 17:18:26,cba,GBP_sell,0.51780000
2024-12-24 17:18:27,wise,AUD_to_JPY_midmarket,97.94770000
2024-12-24 17:18:27,moneychase,JPY_buy,
2024-12-24 17:18:27,moneychase,JPY_sell,
2024-12-24 17:18:27,moneychase,USD_buy,0.61060000
2024-12-24 17:18:27,moneychase,USD_sell,0.64360000
2024-12-24 17:18:27,moneychase,CNY_buy,4.49870000
2024-12-24 17:18:27,moneychase,CNY_sell,4.74870000
2024-12-24 17:18:27,moneychain,JPY_buy,96.86690000
2024-12-24 17:18:27,moneychase,SGD_buy,0.82860000
2024-12-24 17:18:27,moneychain,JPY_sell,99.56690000
2024-12-24 17:18:27,moneychase,SGD_sell,0.86850000
2024-12-24 17:18:27,moneychain,USD_buy,0.61690000
2024-12-24 17:18:27,moneychase,HKD_buy,4.78900000
2024-12-24 17:18:27,moneychain,USD_sell,0.63090000
2024-12-24 17:18:27,moneychase,HKD_sell,4.97930000
2024-12-24 17:18:27,moneychain,CNY_buy,4.54780000
2024-12-24 17:18:27,moneychase,EUR_buy,0.57940000
2024-12-24 17:18:27,moneychain,CNY_sell,4.71780000
2024-12-24 17:18:27,moneychase,EUR_sell,0.61430000
2024-12-24 17:18:27,moneychain,SGD_buy,0.84180000
2024-12-24 17:18:27,moneychase,GBP_buy,0.48190000
2024-12-24 17:18:27,moneychase,GBP_sell,0.51890000
2024-12-24 17:18:27,moneychain,SGD_sell,0.85730000
2024-12-24 17:18:27,moneychain,HKD_buy,4.79550000
2024-12-24 17:18:27,wise,AUD_to_USD_midmarket,0.62385000
2024-12-24 17:18:27,moneychain,HKD_sell,4.90550000
2024-12-24 17:18:27,moneychain,EUR_buy,0.59410000
2024-12-24 17:18:27,moneychain,EUR_sell,0.62010000
2024-12-24 17:18:27,moneychain,GBP_buy,0.48760000
2024-12-24 17:18:27,moneychain,GBP_sell,0.51260000
2024-12-24 17:18:25,pandaremit,AUD_to_CNY_midmarket,4.59350000
2024-12-24 17:18:30,wise,AUD_to_CNY_midmarket,4.55268000
2024-12-24 17:18:30,pandaremit,AUD_to_SGD_midmarket,0.84570000
2024-12-24 17:18:30,pandaremit,AUD_to_HKD_midmarket,4.83020000
2024-12-24 17:18:30,pandaremit,AUD_to_EUR_midmarket,0.59850000
2024-12-24 17:18:30,pandaremit,AUD_to_GBP_midmarket,0.49520000
2024-12-24 17:18:31,anz,JPY_buy,94.83000000
2024-12-24 17:18:31,anz,JPY_sell,101.23000000
2024-12-24 17:18:31,anz,USD_buy,0.60410000
2024-12-24 17:18:31,anz,USD_sell,0.64370000
2024-12-24 17:18:31,anz,CNY_buy,
2024-12-24 17:18:31,anz,CNY_sell,
2024-12-24 17:18:31,anz,SGD_buy,0.82000000
2024-12-24 17:18:31,wise,AUD_to_SGD_midmarket,0.84804200
2024-12-24 17:18:31,anz,SGD_sell,0.87600000
2024-12-24 17:18:31,anz,HKD_buy,4.69400000
2024-12-24 17:18:31,anz,HKD_sell,5.00400000
2024-12-24 17:18:31,anz,EUR_buy,0.57890000
2024-12-24 17:18:31,anz,EUR_sell,0.61980000
2024-12-24 17:18:31,anz,GBP_buy,0.48110000
2024-12-24 17:18:31,anz,GBP_sell,0.51470000
2024-12-24 17:18:32,wise,AUD_to_HKD_midmarket,4.84616000
2024-12-24 17:18:33,wise,AUD_to_EUR_midmarket,0.60029800
2024-12-24 17:18:34,wise,AUD_to_GBP_midmarket,0.49780600
2024-12-24 17:21:04,pandaremit,AUD_to_JPY_midmarket,97.31690000
2024-12-24 17:21:04,webtradepay,JPY_buy,96.95390000
2024-12-24 17:21:04,webtradepay,JPY_sell,98.66800000
2024-12-24 17:21:04,webtradepay,USD_buy,0.61590000
2024-12-24 17:21:04,webtradepay,USD_sell,0.63200000
2024-12-24 17:21:04,webtradepay,CNY_buy,4.55720000
2024-12-24 17:21:04,webtradepay,CNY_sell,4.73100000
2024-12-24 17:21:04,webtradepay,SGD_buy,0.84210000
2024-12-24 17:21:04,webtradepay,SGD_sell,0.85430000
2024-12-24 17:21:04,webtradepay,HKD_buy,4.72630000
2024-12-24 17:21:04,webtradepay,HKD_sell,4.88710000
2024-12-24 17:21:04,pandaremit,AUD_to_USD_midmarket,0.62180000
2024-12-24 17:21:04,webtradepay,EUR_buy,0.59430000
2024-12-24 17:21:04,webtradepay,EUR_sell,0.61040000
2024-12-24 17:21:04,webtradepay,GBP_buy,0.49180000
2024-12-24 17:21:04,webtradepay,GBP_sell,0.50380000
2024-12-24 17:21:04,cba,JPY_buy,92.86000000
2024-12-24 17:21:04,cba,JPY_sell,102.49000000
2024-12-24 17:21:04,cba,USD_buy,0.59840000
2024-12-24 17:21:04,cba,USD_sell,0.64820000
2024-12-24 17:21:04,cba,CNY_buy,
2024-12-24 17:21:04,cba,CNY_sell,
2024-12-24 17:21:04,cba,SGD_buy,0.81030000
2024-12-24 17:21:04,cba,SGD_sell,0.88150000
2024-12-24 17:21:04,cba,HKD_buy,4.63860000
2024-12-24 17:21:04,cba,HKD_sell,5.04660000
2024-12-24 17:21:04,cba,EUR_buy,0.57460000
2024-12-24 17:21:04,cba,EUR_sell,0.62390000
2024-12-24 17:21:04,cba,GBP_buy,0.47690000
2024-12-24 17:21:04,cba,GBP_sell,0.51780000
2024-12-24 17:21:06,moneychain,JPY_buy,96.89600000
2024-12-24 17:21:06,moneychain,JPY_sell,99.59600000
2024-12-24 17:21:06,moneychain,USD_buy,0.61720000
2024-12-24 17:21:06,moneychain,USD_sell,0.63120000
2024-12-24 17:21:06,moneychain,CNY_buy,4.54900000
2024-12-24 17:21:06,moneychain,CNY_sell,4.71900000
2024-12-24 17:21:06,moneychase,JPY_buy,95.56720000
2024-12-24 17:21:06,moneychase,JPY_sell,99.48890000
2024-12-24 17:21:06,moneychain,SGD_buy,0.84250000
2024-12-24 17:21:06,moneychain,SGD_sell,0.85800000
2024-12-24 17:21:06,moneychase,USD_buy,0.61060000
2024-12-24 17:21:06,moneychase,USD_sell,0.64360000
2024-12-24 17:21:06,moneychain,HKD_buy,4.79590000
2024-12-24 17:21:06,moneychain,HKD_sell,4.90590000
2024-12-24 17:21:06,moneychase,CNY_buy,4.49890000
2024-12-24 17:21:06,moneychase,CNY_sell,4.74890000
2024-12-24 17:21:06,moneychain,EUR_buy,0.59430000
2024-12-24 17:21:06,moneychain,EUR_sell,0.62030000
2024-12-24 17:21:06,moneychase,SGD_buy,0.82900000
2024-12-24 17:21:06,moneychase,SGD_sell,0.86890000
2024-12-24 17:21:06,moneychain,GBP_buy,0.48780000
2024-12-24 17:21:06,moneychain,GBP_sell,0.51280000
2024-12-24 17:21:06,moneychase,HKD_buy,4.78890000
2024-12-24 17:21:06,moneychase,HKD_sell,4.97920000
2024-12-24 17:21:06,moneychase,EUR_buy,0.57960000
2024-12-24 17:21:06,moneychase,EUR_sell,0.61450000
2024-12-24 17:21:06,moneychase,GBP_buy,0.48210000
2024-12-24 17:21:06,moneychase,GBP_sell,0.51910000
2024-12-24 17:21:05,pandaremit,AUD_to_CNY_midmarket,4.59290000
2024-12-24 17:21:04,anz,JPY_buy,94.83000000
2024-12-24 17:21:04,anz,JPY_sell,101.23000000
2024-12-24 17:21:04,anz,USD_buy,0.60410000
2024-12-24 17:21:04,anz,USD_sell,0.64370000
2024-12-24 17:21:04,anz,CNY_buy,
2024-12-24 17:21:04,anz,CNY_sell,
2024-12-24 17:21:04,anz,SGD_buy,0.82000000
2024-12-24 17:21:04,anz,SGD_sell,0.87600000
2024-12-24 17:21:07,pandaremit,AUD_to_SGD_midmarket,0.84570000
2024-12-24 17:21:04,anz,HKD_buy,4.69400000
2024-12-24 17:21:04,anz,HKD_sell,5.00400000
2024-12-24 17:21:04,anz,EUR_buy,0.57890000
2024-12-24 17:21:04,anz,EUR_sell,0.61980000
2024-12-24 17:21:04,anz,GBP_buy,0.48110000
2024-12-24 17:21:04,anz,GBP_sell,0.51470000
2024-12-24 17:21:07,wise,AUD_to_JPY_midmarket,97.95540000
2024-12-24 17:21:07,pandaremit,AUD_to_HKD_midmarket,4.83020000
2024-12-24 17:21:07,pandaremit,AUD_to_EUR_midmarket,0.59850000
2024-12-24 17:21:07,pandaremit,AUD_to_GBP_midmarket,0.49510000
2024-12-24 17:21:08,wise,AUD_to_USD_midmarket,0.62390000
2024-12-24 17:21:09,wise,AUD_to_CNY_midmarket,4.55381000
2024-12-24 17:21:10,wise,AUD_to_SGD_midmarket,0.84816600
2024-12-24 17:21:11,wise,AUD_to_HKD_midmarket,4.84666000
2024-12-24 17:21:12,wise,AUD_to_EUR_midmarket,0.60030800
2024-12-24 17:21:13,wise,AUD_to_GBP_midmarket,0.49778600
2024-12-24 17:24:54,webtradepay,JPY_buy,96.95390000
2024-12-24 17:24:54,webtradepay,JPY_sell,98.66800000
2024-12-24 17:24:54,webtradepay,USD_buy,0.61590000
2024-12-24 17:24:54,webtradepay,USD_sell,0.63200000
2024-12-24 17:24:54,webtradepay,CNY_buy,4.55720000
2024-12-24 17:24:54,webtradepay,CNY_sell,4.73100000
2024-12-24 17:24:54,webtradepay,SGD_buy,0.84210000
2024-12-24 17:24:54,webtradepay,SGD_sell,0.85430000
2024-12-24 17:24:54,webtradepay,HKD_buy,4.72630000
2024-12-24 17:24:54,webtradepay,HKD_sell,4.88710000
2024-12-24 17:24:54,webtradepay,EUR_buy,0.59430000
2024-12-24 17:24:54,webtradepay,EUR_sell,0.61040000
2024-12-24 17:24:54,webtradepay,GBP_buy,0.49180000
2024-12-24 17:24:54,webtradepay,GBP_sell,0.50380000
2024-12-24 17:24:55,pandaremit,AUD_to_JPY_midmarket,97.31690000
2024-12-24 17:24:55,pandaremit,AUD_to_USD_midmarket,0.62180000
2024-12-24 17:24:55,cba,JPY_buy,92.86000000
2024-12-24 17:24:55,cba,JPY_sell,102.49000000
2024-12-24 17:24:55,cba,USD_buy,0.59840000
2024-12-24 17:24:55,cba,USD_sell,0.64820000
2024-12-24 17:24:55,cba,CNY_buy,
2024-12-24 17:24:55,cba,CNY_sell,
2024-12-24 17:24:55,cba,SGD_buy,0.81030000
2024-12-24 17:24:55,cba,SGD_sell,0.88150000
2024-12-24 17:24:55,cba,HKD_buy,4.63860000
2024-12-24 17:24:55,cba,HKD_sell,5.04660000
2024-12-24 17:24:55,cba,EUR_buy,0.57460000
2024-12-24 17:24:55,cba,EUR_sell,0.62390000
2024-12-24 17:24:55,cba,GBP_buy,0.47690000
2024-12-24 17:24:55,cba,GBP_sell,0.51780000
2024-12-24 17:24:56,moneychain,JPY_buy,96.89760000
2024-12-24 17:24:56,moneychain,JPY_sell,99.59760000
2024-12-24 17:24:56,moneychain,USD_buy,0.61700000
2024-12-24 17:24:56,moneychain,USD_sell,0.63100000
2024-12-24 17:24:56,moneychain,CNY_buy,4.54820000
2024-12-24 17:24:56,moneychain,CNY_sell,4.71820000
2024-12-24 17:24:56,moneychain,SGD_buy,0.84240000
2024-12-24 17:24:56,moneychain,SGD_sell,0.85790000
2024-12-24 17:24:56,moneychain,HKD_buy,4.79530000
2024-12-24 17:24:56,moneychain,HKD_sell,4.90530000
2024-12-24 17:24:56,moneychain,EUR_buy,0.59430000
2024-12-24 17:24:56,moneychain,EUR_sell,0.62030000
2024-12-24 17:24:56,moneychain,GBP_buy,0.48780000
2024-12-24 17:24:56,moneychain,GBP_sell,0.51280000
2024-12-24 17:24:56,moneychase,JPY_buy,95.55720000
2024-12-24 17:24:56,moneychase,JPY_sell,99.47890000
2024-12-24 17:24:56,moneychase,USD_buy,0.61060000
2024-12-24 17:24:56,moneychase,USD_sell,0.64360000
2024-12-24 17:24:56,moneychase,CNY_buy,4.49900000
2024-12-24 17:24:56,moneychase,CNY_sell,4.74900000
2024-12-24 17:24:56,moneychase,SGD_buy,0.82890000
2024-12-24 17:24:56,moneychase,SGD_sell,0.86880000
2024-12-24 17:24:56,moneychase,HKD_buy,4.78900000
2024-12-24 17:24:56,moneychase,HKD_sell,4.97930000
2024-12-24 17:24:56,moneychase,EUR_buy,0.57950000
2024-12-24 17:24:56,moneychase,EUR_sell,0.61440000
2024-12-24 17:24:56,moneychase,GBP_buy,0.48210000
2024-12-24 17:24:56,moneychase,GBP_sell,0.51910000
2024-12-24 17:24:58,wise,AUD_to_JPY_midmarket,97.95860000
2024-12-24 17:24:58,anz,JPY_buy,94.83000000
2024-12-24 17:24:55,pandaremit,AUD_to_CNY_midmarket,4.59290000
2024-12-24 17:24:58,anz,JPY_sell,101.23000000
2024-12-24 17:24:58,anz,USD_buy,0.60410000
2024-12-24 17:24:58,anz,USD_sell,0.64370000
2024-12-24 17:24:59,pandaremit,AUD_to_SGD_midmarket,0.84570000
2024-12-24 17:24:58,anz,CNY_buy,
2024-12-24 17:24:59,webtradepay,JPY_buy,96.95390000
2024-12-24 17:24:59,webtradepay,JPY_sell,98.66800000
2024-12-24 17:24:59,webtradepay,USD_buy,0.61590000
2024-12-24 17:24:59,webtradepay,USD_sell,0.63200000
2024-12-24 17:24:59,webtradepay,CNY_buy,4.55720000
2024-12-24 17:24:59,webtradepay,CNY_sell,4.73100000
2024-12-24 17:24:59,webtradepay,SGD_buy,0.84210000
2024-12-24 17:24:59,webtradepay,SGD_sell,0.85430000
2024-12-24 17:24:59,webtradepay,HKD_buy,4.72630000
2024-12-24 17:24:59,webtradepay,HKD_sell,4.88710000
2024-12-24 17:24:59,webtradepay,EUR_buy,0.59430000
2024-12-24 17:24:59,webtradepay,EUR_sell,0.61040000
2024-12-24 17:24:59,webtradepay,GBP_buy,0.49180000
2024-12-24 17:24:59,webtradepay,GBP_sell,0.50380000
2024-12-24 17:24:59,pandaremit,AUD_to_JPY_midmarket,97.31690000
2024-12-24 17:24:58,anz,CNY_sell,
2024-12-24 17:24:59,wise,AUD_to_USD_midmarket,0.62400000
2024-12-24 17:24:59,pandaremit,AUD_to_HKD_midmarket,4.83020000
2024-12-24 17:24:58,anz,SGD_buy,0.82000000
2024-12-24 17:24:59,pandaremit,AUD_to_USD_midmarket,0.62180000
2024-12-24 17:24:58,anz,SGD_sell,0.87600000
2024-12-24 17:24:58,anz,HKD_buy,4.69400000
2024-12-24 17:24:58,anz,HKD_sell,5.00400000
2024-12-24 17:24:59,pandaremit,AUD_to_EUR_midmarket,0.59850000
2024-12-24 17:24:58,anz,EUR_buy,0.57890000
2024-12-24 17:24:58,anz,EUR_sell,0.61980000
2024-12-24 17:24:58,anz,GBP_buy,0.48110000
2024-12-24 17:24:58,anz,GBP_sell,0.51470000
2024-12-24 17:24:59,pandaremit,AUD_to_GBP_midmarket,0.49510000
2024-12-24 17:25:00,wise,AUD_to_CNY_midmarket,4.55426000
2024-12-24 17:24:59,cba,JPY_buy,92.86000000
2024-12-24 17:24:59,cba,JPY_sell,102.49000000
2024-12-24 17:24:59,cba,USD_buy,0.59840000
2024-12-24 17:24:59,cba,USD_sell,0.64820000
2024-12-24 17:24:59,cba,CNY_buy,
2024-12-24 17:25:00,moneychain,JPY_buy,96.89760000
2024-12-24 17:24:59,cba,CNY_sell,
2024-12-24 17:25:00,moneychain,JPY_sell,99.59760000
2024-12-24 17:24:59,cba,SGD_buy,0.81030000
2024-12-24 17:25:00,moneychain,USD_buy,0.61700000
2024-12-24 17:24:59,cba,SGD_sell,0.88150000
2024-12-24 17:25:00,moneychain,USD_sell,0.63100000
2024-12-24 17:24:59,cba,HKD_buy,4.63860000
2024-12-24 17:25:00,moneychain,CNY_buy,4.54820000
2024-12-24 17:24:59,cba,HKD_sell,5.04660000
2024-12-24 17:25:00,moneychain,CNY_sell,4.71820000
2024-12-24 17:24:59,cba,EUR_buy,0.57460000
2024-12-24 17:25:00,moneychain,SGD_buy,0.84240000
2024-12-24 17:25:00,moneychase,JPY_buy,
2024-12-24 17:25:00,moneychase,JPY_sell,
2024-12-24 17:24:59,cba,EUR_sell,0.62390000
2024-12-24 17:25:00,moneychain,SGD_sell,0.85790000
2024-12-24 17:24:59,cba,GBP_buy,0.47690000
2024-12-24 17:25:00,moneychain,HKD_buy,4.79530000
2024-12-24 17:24:59,cba,GBP_sell,0.51780000
2024-12-24 17:25:00,moneychase,USD_buy,
2024-12-24 17:25:00,moneychain,HKD_sell,4.90530000
2024-12-24 17:25:00,moneychase,USD_sell,
2024-12-24 17:25:00,moneychain,EUR_buy,0.59430000
2024-12-24 17:25:00,moneychase,CNY_buy,
2024-12-24 17:25:00,moneychase,CNY_sell,
2024-12-24 17:25:00,moneychain,EUR_sell,0.62030000
2024-12-24 17:25:00,moneychain,GBP_buy,0.48780000
2024-12-24 17:25:00,moneychase,SGD_buy,
2024-12-24 17:25:00,moneychase,SGD_sell,
2024-12-24 17:25:00,moneychain,GBP_sell,0.51280000
2024-12-24 17:25:01,anz,JPY_buy,94.83000000
2024-12-24 17:25:00,moneychase,HKD_buy,
2024-12-24 17:25:00,moneychase,HKD_sell,4.97930000
2024-12-24 17:25:01,anz,JPY_sell,101.23000000
2024-12-24 17:25:01,anz,USD_buy,0.60410000
2024-12-24 17:25:00,moneychase,EUR_buy,0.57950000
2024-12-24 17:25:00,moneychase,EUR_sell,0.61440000
2024-12-24 17:25:01,anz,USD_sell,0.64370000
2024-12-24 17:25:01,anz,CNY_buy,
2024-12-24 17:25:00,moneychase,GBP_buy,0.48210000
2024-12-24 17:25:00,moneychase,GBP_sell,0.51910000
2024-12-24 17:25:01,anz,CNY_sell,
2024-12-24 17:25:01,anz,SGD_buy,0.82000000
2024-12-24 17:25:01,anz,SGD_sell,0.87600000
2024-12-24 17:25:01,anz,HKD_buy,4.69400000
2024-12-24 17:25:01,anz,HKD_sell,5.00400000
2024-12-24 17:25:01,anz,EUR_buy,0.57890000
2024-12-24 17:25:01,anz,EUR_sell,0.61980000
2024-12-24 17:25:01,anz,GBP_buy,0.48110000
2024-12-24 17:25:01,anz,GBP_sell,0.51470000
2024-12-24 17:25:01,wise,AUD_to_SGD_midmarket,0.84817200
2024-12-24 17:25:02,wise,AUD_to_JPY_midmarket,97.96020000
2024-12-24 17:25:00,pandaremit,AUD_to_CNY_midmarket,4.59290000
2024-12-24 17:25:02,wise,AUD_to_HKD_midmarket,4.84720000
2024-12-24 17:25:02,pandaremit,AUD_to_SGD_midmarket,0.84570000
2024-12-24 17:25:02,pandaremit,AUD_to_HKD_midmarket,4.83020000
2024-12-24 17:25:02,pandaremit,AUD_to_EUR_midmarket,0.59850000
2024-12-24 17:25:03,pandaremit,AUD_to_GBP_midmarket,0.49540000
2024-12-24 17:25:03,wise,AUD_to_USD_midmarket,0.62400000
2024-12-24 17:25:03,wise,AUD_to_EUR_midmarket,0.60026000
2024-12-24 17:25:04,wise,AUD_to_CNY_midmarket,4.55426000
2024-12-24 17:25:04,wise,AUD_to_GBP_midmarket,0.49782600
2024-12-24 17:24:54,webtradepay,JPY_buy,96.95390000
2024-12-24 17:24:54,webtradepay,JPY_sell,98.66800000
2024-12-24 17:24:54,webtradepay,USD_buy,0.61590000
2024-12-24 17:24:54,webtradepay,USD_sell,0.63200000
2024-12-24 17:24:54,webtradepay,CNY_buy,4.55720000
2024-12-24 17:24:54,webtradepay,CNY_sell,4.73100000
2024-12-24 17:24:54,webtradepay,SGD_buy,0.84210000
2024-12-24 17:24:54,webtradepay,SGD_sell,0.85430000
2024-12-24 17:24:54,webtradepay,HKD_buy,4.72630000
2024-12-24 17:24:54,webtradepay,HKD_sell,4.88710000
2024-12-24 17:24:54,webtradepay,EUR_buy,0.59430000
2024-12-24 17:24:54,webtradepay,EUR_sell,0.61040000
2024-12-24 17:24:54,webtradepay,GBP_buy,0.49180000
2024-12-24 17:24:54,webtradepay,GBP_sell,0.50380000
2024-12-24 17:24:55,pandaremit,AUD_to_JPY_midmarket,97.31690000
2024-12-24 17:24:55,pandaremit,AUD_to_USD_midmarket,0.62180000
2024-12-24 17:24:55,cba,JPY_buy,92.86000000
2024-12-24 17:24:55,cba,JPY_sell,102.49000000
2024-12-24 17:24:55,cba,USD_buy,0.59840000
2024-12-24 17:24:55,cba,USD_sell,0.64820000
2024-12-24 17:24:55,cba,CNY_buy,
2024-12-24 17:24:55,cba,CNY_sell,
2024-12-24 17:24:55,cba,SGD_buy,0.81030000
2024-12-24 17:24:55,cba,SGD_sell,0.88150000
2024-12-24 17:24:55,cba,HKD_buy,4.63860000
2024-12-24 17:24:55,cba,HKD_sell,5.04660000
2024-12-24 17:24:55,cba,EUR_buy,0.57460000
2024-12-24 17:24:55,cba,EUR_sell,0.62390000
2024-12-24 17:24:55,cba,GBP_buy,0.47690000
2024-12-24 17:24:55,cba,GBP_sell,0.51780000
2024-12-24 17:24:56,moneychain,JPY_buy,96.89760000
2024-12-24 17:24:56,moneychain,JPY_sell,99.59760000
2024-12-24 17:24:56,moneychain,USD_buy,0.61700000
2024-12-24 17:24:56,moneychain,USD_sell,0.63100000
2024-12-24 17:24:56,moneychain,CNY_buy,4.54820000
2024-12-24 17:24:56,moneychain,CNY_sell,4.71820000
2024-12-24 17:24:56,moneychain,SGD_buy,0.84240000
2024-12-24 17:24:56,moneychain,SGD_sell,0.85790000
2024-12-24 17:24:56,moneychain,HKD_buy,4.79530000
2024-12-24 17:24:56,moneychain,HKD_sell,4.90530000
2024-12-24 17:24:56,moneychain,EUR_buy,0.59430000
2024-12-24 17:24:56,moneychain,EUR_sell,0.62030000
2024-12-24 17:24:56,moneychain,GBP_buy,0.48780000
2024-12-24 17:24:56,moneychain,GBP_sell,0.51280000
2024-12-24 17:24:56,moneychase,JPY_buy,95.55720000
2024-12-24 17:24:56,moneychase,JPY_sell,99.47890000
2024-12-24 17:24:56,moneychase,USD_buy,0.61060000
2024-12-24 17:24:56,moneychase,USD_sell,0.64360000
2024-12-24 17:24:56,moneychase,CNY_buy,4.49900000
2024-12-24 17:24:56,moneychase,CNY_sell,4.74900000
2024-12-24 17:24:56,moneychase,SGD_buy,0.82890000
2024-12-24 17:24:56,moneychase,SGD_sell,0.86880000
2024-12-24 17:24:56,moneychase,HKD_buy,4.78900000
2024-12-24 17:24:56,moneychase,HKD_sell,4.97930000
2024-12-24 17:24:56,moneychase,EUR_buy,0.57950000
2024-12-24 17:24:56,moneychase,EUR_sell,0.61440000
2024-12-24 17:24:56,moneychase,GBP_buy,0.48210000
2024-12-24 17:24:56,moneychase,GBP_sell,0.51910000
2024-12-24 17:24:58,wise,AUD_to_JPY_midmarket,97.95860000
2024-12-24 17:24:58,anz,JPY_buy,94.83000000
2024-12-24 17:24:55,pandaremit,AUD_to_CNY_midmarket,4.59290000
2024-12-24 17:24:58,anz,JPY_sell,101.23000000
2024-12-24 17:24:58,anz,USD_buy,0.60410000
2024-12-24 17:24:58,anz,USD_sell,0.64370000
2024-12-24 17:24:59,pandaremit,AUD_to_SGD_midmarket,0.84570000
2024-12-24 17:24:58,anz,CNY_buy,
2024-12-24 17:24:59,webtradepay,JPY_buy,96.95390000
2024-12-24 17:24:59,webtradepay,JPY_sell,98.66800000
2024-12-24 17:24:59,webtradepay,USD_buy,0.61590000
2024-12-24 17:24:59,webtradepay,USD_sell,0.63200000
2024-12-24 17:24:59,webtradepay,CNY_buy,4.55720000
2024-12-24 17:24:59,webtradepay,CNY_sell,4.73100000
2024-12-24 17:24:59,webtradepay,SGD_buy,0.84210000
2024-12-24 17:24:59,webtradepay,SGD_sell,0.85430000
2024-12-24 17:24:59,webtradepay,HKD_buy,4.72630000
2024-12-24 17:24:59,webtradepay,HKD_sell,4.88710000
2024-12-24 17:24:59,webtradepay,EUR_buy,0.59430000
2024-12-24 17:24:59,webtradepay,EUR_sell,0.61040000
2024-12-24 17:24:59,webtradepay,GBP_buy,0.49180000
2024-12-24 17:24:59,webtradepay,GBP_sell,0.50380000
2024-12-24 17:24:59,pandaremit,AUD_to_JPY_midmarket,97.31690000
2024-12-24 17:24:58,anz,CNY_sell,
2024-12-24 17:24:59,wise,AUD_to_USD_midmarket,0.62400000
2024-12-24 17:24:59,pandaremit,AUD_to_HKD_midmarket,4.83020000
2024-12-24 17:24:58,anz,SGD_buy,0.82000000
2024-12-24 17:24:59,pandaremit,AUD_to_USD_midmarket,0.62180000
2024-12-24 17:24:58,anz,SGD_sell,0.87600000
2024-12-24 17:24:58,anz,HKD_buy,4.69400000
2024-12-24 17:24:58,anz,HKD_sell,5.00400000
2024-12-24 17:24:59,pandaremit,AUD_to_EUR_midmarket,0.59850000
2024-12-24 17:24:58,anz,EUR_buy,0.57890000
2024-12-24 17:24:58,anz,EUR_sell,0.61980000
2024-12-24 17:24:58,anz,GBP_buy,0.48110000
2024-12-24 17:24:58,anz,GBP_sell,0.51470000
2024-12-24 17:24:59,pandaremit,AUD_to_GBP_midmarket,0.49510000
2024-12-24 17:25:00,wise,AUD_to_CNY_midmarket,4.55426000
2024-12-24 17:24:59,cba,JPY_buy,92.86000000
2024-12-24 17:24:59,cba,JPY_sell,102.49000000
2024-12-24 17:24:59,cba,USD_buy,0.59840000
2024-12-24 17:24:59,cba,USD_sell,0.64820000
2024-12-24 17:24:59,cba,CNY_buy,
2024-12-24 17:25:00,moneychain,JPY_buy,96.89760000
2024-12-24 17:24:59,cba,CNY_sell,
2024-12-24 17:25:00,moneychain,JPY_sell,99.59760000
2024-12-24 17:24:59,cba,SGD_buy,0.81030000
2024-12-24 17:25:00,moneychain,USD_buy,0.61700000
2024-12-24 17:24:59,cba,SGD_sell,0.88150000
2024-12-24 17:25:00,moneychain,USD_sell,0.63100000
2024-12-24 17:24:59,cba,HKD_buy,4.63860000
2024-12-24 17:25:00,moneychain,CNY_buy,4.54820000
2024-12-24 17:24:59,cba,HKD_sell,5.04660000
2024-12-24 17:25:00,moneychain,CNY_sell,4.71820000
2024-12-24 17:24:59,cba,EUR_buy,0.57460000
2024-12-24 17:25:00,moneychain,SGD_buy,0.84240000
2024-12-24 17:25:00,moneychase,JPY_buy,
2024-12-24 17:25:00,moneychase,JPY_sell,
2024-12-24 17:24:59,cba,EUR_sell,0.62390000
2024-12-24 17:25:00,moneychain,SGD_sell,0.85790000
2024-12-24 17:24:59,cba,GBP_buy,0.47690000
2024-12-24 17:25:00,moneychain,HKD_buy,4.79530000
2024-12-24 17:24:59,cba,GBP_sell,0.51780000
2024-12-24 17:25:00,moneychase,USD_buy,
2024-12-24 17:25:00,moneychain,HKD_sell,4.90530000
2024-12-24 17:25:00,moneychase,USD_sell,
2024-12-24 17:25:00,moneychain,EUR_buy,0.59430000
2024-12-24 17:25:00,moneychase,CNY_buy,
2024-12-24 17:25:00,moneychase,CNY_sell,
2024-12-24 17:25:00,moneychain,EUR_sell,0.62030000
2024-12-24 17:25:00,moneychain,GBP_buy,0.48780000
2024-12-24 17:25:00,moneychase,SGD_buy,
2024-12-24 17:25:00,moneychase,SGD_sell,
2024-12-24 17:25:00,moneychain,GBP_sell,0.51280000
2024-12-24 17:25:01,anz,JPY_buy,94.83000000
2024-12-24 17:25:00,moneychase,HKD_buy,
2024-12-24 17:25:00,moneychase,HKD_sell,4.97930000
2024-12-24 17:25:01,anz,JPY_sell,101.23000000
2024-12-24 17:25:01,anz,USD_buy,0.60410000
2024-12-24 17:25:00,moneychase,EUR_buy,0.57950000
2024-12-24 17:25:00,moneychase,EUR_sell,0.61440000
2024-12-24 17:25:01,anz,USD_sell,0.64370000
2024-12-24 17:25:01,anz,CNY_buy,
2024-12-24 17:25:00,moneychase,GBP_buy,0.48210000
2024-12-24 17:25:00,moneychase,GBP_sell,0.51910000
2024-12-24 17:25:01,anz,CNY_sell,
2024-12-24 17:25:01,anz,SGD_buy,0.82000000
2024-12-24 17:25:01,anz,SGD_sell,0.87600000
2024-12-24 17:25:01,anz,HKD_buy,4.69400000
2024-12-24 17:25:01,anz,HKD_sell,5.00400000
2024-12-24 17:25:01,anz,EUR_buy,0.57890000
2024-12-24 17:25:01,anz,EUR_sell,0.61980000
2024-12-24 17:25:01,anz,GBP_buy,0.48110000
2024-12-24 17:25:01,anz,GBP_sell,0.51470000
2024-12-24 17:25:01,wise,AUD_to_SGD_midmarket,0.84817200
2024-12-24 17:25:02,wise,AUD_to_JPY_midmarket,97.96020000
2024-12-24 17:25:00,pandaremit,AUD_to_CNY_midmarket,4.59290000
2024-12-24 17:25:02,wise,AUD_to_HKD_midmarket,4.84720000
2024-12-24 17:25:02,pandaremit,AUD_to_SGD_midmarket,0.84570000
2024-12-24 17:25:02,pandaremit,AUD_to_HKD_midmarket,4.83020000
2024-12-24 17:25:02,pandaremit,AUD_to_EUR_midmarket,0.59850000
2024-12-24 17:25:03,pandaremit,AUD_to_GBP_midmarket,0.49540000
2024-12-24 17:25:03,wise,AUD_to_USD_midmarket,0.62400000
2024-12-24 17:25:03,wise,AUD_to_EUR_midmarket,0.60026000
2024-12-24 17:25:04,wise,AUD_to_CNY_midmarket,4.55426000
2024-12-24 17:25:04,wise,AUD_to_GBP_midmarket,0.49782600
2024-12-24 17:25:05,wise,AUD_to_SGD_midmarket,0.84817200
2024-12-24 17:25:06,wise,AUD_to_HKD_midmarket,4.84720000
2024-12-24 17:25:07,wise,AUD_to_EUR_midmarket,0.60026000
2024-12-24 17:25:08,wise,AUD_to_GBP_midmarket,0.49770600
2024-12-24 17:26:15,webtradepay,JPY_buy,96.94480000
2024-12-24 17:26:15,webtradepay,JPY_sell,98.65730000
2024-12-24 17:26:15,webtradepay,USD_buy,0.61590000
2024-12-24 17:26:15,webtradepay,USD_sell,0.63190000
2024-12-24 17:26:15,webtradepay,CNY_buy,4.55680000
2024-12-24 17:26:15,webtradepay,CNY_sell,4.73070000
2024-12-24 17:26:15,webtradepay,SGD_buy,0.84190000
2024-12-24 17:26:15,webtradepay,SGD_sell,0.85410000
2024-12-24 17:26:15,webtradepay,HKD_buy,4.72600000
2024-12-24 17:26:15,webtradepay,HKD_sell,4.88690000
2024-12-24 17:26:15,webtradepay,EUR_buy,0.59410000
2024-12-24 17:26:15,webtradepay,EUR_sell,0.61020000
2024-12-24 17:26:15,webtradepay,GBP_buy,0.49170000
2024-12-24 17:26:15,webtradepay,GBP_sell,0.50380000
2024-12-24 17:26:15,pandaremit,AUD_to_JPY_midmarket,97.35970000
2024-12-24 17:26:15,cba,JPY_buy,92.86000000
2024-12-24 17:26:16,pandaremit,AUD_to_USD_midmarket,0.62180000
2024-12-24 17:26:15,cba,JPY_sell,102.49000000
2024-12-24 17:26:15,cba,USD_buy,0.59840000
2024-12-24 17:26:15,cba,USD_sell,0.64820000
2024-12-24 17:26:15,cba,CNY_buy,
2024-12-24 17:26:15,cba,CNY_sell,
2024-12-24 17:26:15,cba,SGD_buy,0.81030000
2024-12-24 17:26:15,cba,SGD_sell,0.88150000
2024-12-24 17:26:15,cba,HKD_buy,4.63860000
2024-12-24 17:26:15,cba,HKD_sell,5.04660000
2024-12-24 17:26:15,cba,EUR_buy,0.57460000
2024-12-24 17:26:15,cba,EUR_sell,0.62390000
2024-12-24 17:26:15,cba,GBP_buy,0.47690000
2024-12-24 17:26:15,cba,GBP_sell,0.51780000
2024-12-24 17:26:15,moneychain,JPY_buy,96.92150000
2024-12-24 17:26:15,moneychain,JPY_sell,99.62150000
2024-12-24 17:26:15,moneychain,USD_buy,0.61700000
2024-12-24 17:26:15,moneychain,USD_sell,0.63100000
2024-12-24 17:26:15,moneychain,CNY_buy,4.54870000
2024-12-24 17:26:15,moneychain,CNY_sell,4.71870000
2024-12-24 17:26:15,moneychain,SGD_buy,0.84240000
2024-12-24 17:26:15,moneychain,SGD_sell,0.85790000
2024-12-24 17:26:15,moneychain,HKD_buy,4.79530000
2024-12-24 17:26:15,moneychain,HKD_sell,4.90530000
2024-12-24 17:26:15,moneychain,EUR_buy,0.59410000
2024-12-24 17:26:15,moneychain,EUR_sell,0.62010000
2024-12-24 17:26:15,moneychain,GBP_buy,0.48780000
2024-12-24 17:26:15,moneychain,GBP_sell,0.51280000
2024-12-24 17:26:17,moneychase,JPY_buy,95.55720000
2024-12-24 17:26:17,moneychase,JPY_sell,99.47890000
2024-12-24 17:26:17,moneychase,USD_buy,0.61060000
2024-12-24 17:26:17,moneychase,USD_sell,0.64360000
2024-12-24 17:26:17,moneychase,CNY_buy,4.49900000
2024-12-24 17:26:17,moneychase,CNY_sell,4.74900000
2024-12-24 17:26:17,moneychase,SGD_buy,0.82890000
2024-12-24 17:26:17,moneychase,SGD_sell,0.86880000
2024-12-24 17:26:17,moneychase,HKD_buy,4.78900000
2024-12-24 17:26:17,moneychase,HKD_sell,4.97930000
2024-12-24 17:26:17,moneychase,EUR_buy,0.57950000
2024-12-24 17:26:17,moneychase,EUR_sell,0.61440000
2024-12-24 17:26:17,moneychase,GBP_buy,0.48210000
2024-12-24 17:26:17,moneychase,GBP_sell,0.51910000
2024-12-24 17:26:17,anz,JPY_buy,94.83000000
2024-12-24 17:26:17,anz,JPY_sell,101.23000000
2024-12-24 17:26:17,anz,USD_buy,0.60410000
2024-12-24 17:26:17,anz,USD_sell,0.64370000
2024-12-24 17:26:17,anz,CNY_buy,
2024-12-24 17:26:17,anz,CNY_sell,
2024-12-24 17:26:17,anz,SGD_buy,0.82000000
2024-12-24 17:26:17,anz,SGD_sell,0.87600000
2024-12-24 17:26:17,anz,HKD_buy,4.69400000
2024-12-24 17:26:17,anz,HKD_sell,5.00400000
2024-12-24 17:26:17,anz,EUR_buy,0.57890000
2024-12-24 17:26:17,anz,EUR_sell,0.61980000
2024-12-24 17:26:17,anz,GBP_buy,0.48110000
2024-12-24 17:26:17,anz,GBP_sell,0.51470000
2024-12-24 17:26:18,wise,AUD_to_JPY_midmarket,97.95700000
2024-12-24 17:26:19,wise,AUD_to_USD_midmarket,0.62385000
2024-12-24 17:26:17,pandaremit,AUD_to_CNY_midmarket,4.59410000
2024-12-24 17:26:19,pandaremit,AUD_to_SGD_midmarket,0.84570000
2024-12-24 17:26:19,pandaremit,AUD_to_HKD_midmarket,4.83020000
2024-12-24 17:26:19,pandaremit,AUD_to_EUR_midmarket,0.59850000
2024-12-24 17:26:20,pandaremit,AUD_to_GBP_midmarket,0.49540000
2024-12-24 17:26:20,wise,AUD_to_CNY_midmarket,4.55393000
2024-12-24 17:26:21,wise,AUD_to_SGD_midmarket,0.84804200
2024-12-24 17:26:22,wise,AUD_to_HKD_midmarket,4.84675000
2024-12-24 17:26:24,wise,AUD_to_EUR_midmarket,0.60026000
2024-12-24 17:26:25,wise,AUD_to_GBP_midmarket,0.49778600
2024-12-24 17:31:52,webtradepay,JPY_buy,96.94290000
2024-12-24 17:31:52,webtradepay,JPY_sell,98.65380000
2024-12-24 17:31:52,webtradepay,USD_buy,0.61580000
2024-12-24 17:31:52,webtradepay,USD_sell,0.63190000
2024-12-24 17:31:52,webtradepay,CNY_buy,4.55650000
2024-12-24 17:31:52,webtradepay,CNY_sell,4.73040000
2024-12-24 17:31:52,webtradepay,SGD_buy,0.84180000
2024-12-24 17:31:52,webtradepay,SGD_sell,0.85400000
2024-12-24 17:31:52,webtradepay,HKD_buy,4.72580000
2024-12-24 17:31:52,webtradepay,HKD_sell,4.88660000
2024-12-24 17:31:52,webtradepay,EUR_buy,0.59410000
2024-12-24 17:31:52,webtradepay,EUR_sell,0.61020000
2024-12-24 17:31:52,webtradepay,GBP_buy,0.49170000
2024-12-24 17:31:52,webtradepay,GBP_sell,0.50380000
2024-12-24 17:31:52,pandaremit,AUD_to_JPY_midmarket,97.34320000
2024-12-24 17:31:52,cba,JPY_buy,92.86000000
2024-12-24 17:31:52,cba,JPY_sell,102.49000000
2024-12-24 17:31:52,cba,USD_buy,0.59840000
2024-12-24 17:31:52,cba,USD_sell,0.64820000
2024-12-24 17:31:52,cba,CNY_buy,
2024-12-24 17:31:52,cba,CNY_sell,
2024-12-24 17:31:52,cba,SGD_buy,0.81030000
2024-12-24 17:31:53,pandaremit,AUD_to_USD_midmarket,0.62150000
2024-12-24 17:31:52,cba,SGD_sell,0.88150000
2024-12-24 17:31:52,cba,HKD_buy,4.63860000
2024-12-24 17:31:52,cba,HKD_sell,5.04660000
2024-12-24 17:31:52,cba,EUR_buy,0.57460000
2024-12-24 17:31:52,cba,EUR_sell,0.62390000
2024-12-24 17:31:52,cba,GBP_buy,0.47690000
2024-12-24 17:31:52,cba,GBP_sell,0.51780000
2024-12-24 17:31:53,moneychain,JPY_buy,96.92140000
2024-12-24 17:31:53,moneychain,JPY_sell,99.62140000
2024-12-24 17:31:53,moneychain,USD_buy,0.61710000
2024-12-24 17:31:53,moneychain,USD_sell,0.63110000
2024-12-24 17:31:53,moneychain,CNY_buy,4.54970000
2024-12-24 17:31:53,moneychain,CNY_sell,4.71970000
2024-12-24 17:31:53,moneychain,SGD_buy,0.84240000
2024-12-24 17:31:53,moneychain,SGD_sell,0.85790000
2024-12-24 17:31:53,moneychain,HKD_buy,4.79600000
2024-12-24 17:31:53,moneychain,HKD_sell,4.90600000
2024-12-24 17:31:53,moneychain,EUR_buy,0.59420000
2024-12-24 17:31:53,moneychain,EUR_sell,0.62020000
2024-12-24 17:31:53,moneychain,GBP_buy,0.48780000
2024-12-24 17:31:53,moneychain,GBP_sell,0.51280000
2024-12-24 17:31:54,moneychase,JPY_buy,
2024-12-24 17:31:54,moneychase,JPY_sell,
2024-12-24 17:31:54,moneychase,USD_buy,
2024-12-24 17:31:54,moneychase,USD_sell,
2024-12-24 17:31:54,moneychase,CNY_buy,
2024-12-24 17:31:54,moneychase,CNY_sell,
2024-12-24 17:31:54,moneychase,SGD_buy,
2024-12-24 17:31:54,moneychase,SGD_sell,
2024-12-24 17:31:54,moneychase,HKD_buy,
2024-12-24 17:31:54,moneychase,HKD_sell,4.97700000
2024-12-24 17:31:54,moneychase,EUR_buy,0.57910000
2024-12-24 17:31:54,moneychase,EUR_sell,0.61400000
2024-12-24 17:31:54,moneychase,GBP_buy,0.48170000
2024-12-24 17:31:54,moneychase,GBP_sell,0.51870000
2024-12-24 17:31:52,anz,JPY_buy,94.83000000
2024-12-24 17:31:52,anz,JPY_sell,101.23000000
2024-12-24 17:31:52,anz,USD_buy,0.60410000
2024-12-24 17:31:52,anz,USD_sell,0.64370000
2024-12-24 17:31:52,anz,CNY_buy,
2024-12-24 17:31:52,anz,CNY_sell,
2024-12-24 17:31:52,anz,SGD_buy,0.82000000
2024-12-24 17:31:52,anz,SGD_sell,0.87600000
2024-12-24 17:31:52,anz,HKD_buy,4.69400000
2024-12-24 17:31:52,anz,HKD_sell,5.00400000
2024-12-24 17:31:52,anz,EUR_buy,0.57890000
2024-12-24 17:31:52,anz,EUR_sell,0.61980000
2024-12-24 17:31:52,anz,GBP_buy,0.48110000
2024-12-24 17:31:52,anz,GBP_sell,0.51470000
2024-12-24 17:31:56,wise,AUD_to_JPY_midmarket,97.94760000
2024-12-24 17:31:54,pandaremit,AUD_to_CNY_midmarket,4.59370000
2024-12-24 17:31:56,pandaremit,AUD_to_SGD_midmarket,0.84540000
2024-12-24 17:31:56,pandaremit,AUD_to_HKD_midmarket,4.82770000
2024-12-24 17:31:56,pandaremit,AUD_to_EUR_midmarket,0.59820000
2024-12-24 17:31:56,pandaremit,AUD_to_GBP_midmarket,0.49530000
2024-12-24 17:31:56,wise,AUD_to_USD_midmarket,0.62385000
2024-12-24 17:31:57,wise,AUD_to_CNY_midmarket,4.55326000
2024-12-24 17:31:59,wise,AUD_to_SGD_midmarket,0.84790600
2024-12-24 17:32:00,wise,AUD_to_HKD_midmarket,4.84613000
2024-12-24 17:32:01,wise,AUD_to_EUR_midmarket,0.60011500
2024-12-24 17:32:02,wise,AUD_to_GBP_midmarket,0.49774600
2024-12-27 09:46:35,webtradepay,JPY_buy,97.16930000
2024-12-27 09:46:35,webtradepay,JPY_sell,98.95310000
2024-12-27 09:46:35,webtradepay,USD_buy,0.61380000
2024-12-27 09:46:35,webtradepay,USD_sell,0.63020000
2024-12-27 09:46:35,webtradepay,CNY_buy,4.54190000
2024-12-27 09:46:35,webtradepay,CNY_sell,4.71740000
2024-12-27 09:46:35,webtradepay,SGD_buy,0.83890000
2024-12-27 09:46:35,webtradepay,SGD_sell,0.85210000
2024-12-27 09:46:35,webtradepay,HKD_buy,4.70990000
2024-12-27 09:46:35,webtradepay,HKD_sell,4.87370000
2024-12-27 09:46:35,webtradepay,EUR_buy,0.59050000
2024-12-27 09:46:35,webtradepay,EUR_sell,0.60690000
2024-12-27 09:46:35,webtradepay,GBP_buy,0.49050000
2024-12-27 09:46:35,webtradepay,GBP_sell,0.50280000
2024-12-27 09:46:36,pandaremit,AUD_to_JPY_midmarket,97.72270000
2024-12-27 09:46:36,pandaremit,AUD_to_USD_midmarket,0.61970000
2024-12-27 09:46:36,cba,JPY_buy,93.08000000
2024-12-27 09:46:36,cba,JPY_sell,102.84000000
2024-12-27 09:46:36,cba,USD_buy,0.59700000
2024-12-27 09:46:36,cba,USD_sell,0.64730000
2024-12-27 09:46:36,cba,CNY_buy,
2024-12-27 09:46:36,cba,CNY_sell,
2024-12-27 09:46:36,cba,SGD_buy,0.80940000
2024-12-27 09:46:36,cba,SGD_sell,0.88130000
2024-12-27 09:46:36,cba,HKD_buy,4.62700000
2024-12-27 09:46:36,cba,HKD_sell,5.03880000
2024-12-27 09:46:36,cba,EUR_buy,0.57220000
2024-12-27 09:46:36,cba,EUR_sell,0.62200000
2024-12-27 09:46:36,cba,GBP_buy,0.47610000
2024-12-27 09:46:36,cba,GBP_sell,0.51740000
2024-12-27 09:46:35,anz,JPY_buy,94.94000000
2024-12-27 09:46:35,anz,JPY_sell,101.36000000
2024-12-27 09:46:35,anz,USD_buy,0.60140000
2024-12-27 09:46:35,anz,USD_sell,0.64080000
2024-12-27 09:46:35,anz,CNY_buy,
2024-12-27 09:46:35,anz,CNY_sell,
2024-12-27 09:46:35,anz,SGD_buy,0.81700000
2024-12-27 09:46:35,anz,SGD_sell,0.87400000
2024-12-27 09:46:35,anz,HKD_buy,4.67200000
2024-12-27 09:46:35,anz,HKD_sell,4.98100000
2024-12-27 09:46:35,anz,EUR_buy,0.57620000
2024-12-27 09:46:35,anz,EUR_sell,0.61690000
2024-12-27 09:46:35,anz,GBP_buy,0.47960000
2024-12-27 09:46:35,anz,GBP_sell,0.51310000
2024-12-27 09:46:37,moneychain,JPY_buy,97.21400000
2024-12-27 09:46:37,moneychain,JPY_sell,99.91400000
2024-12-27 09:46:37,moneychain,USD_buy,0.61510000
2024-12-27 09:46:37,moneychain,USD_sell,0.62910000
2024-12-27 09:46:37,moneychain,CNY_buy,4.53620000
2024-12-27 09:46:37,moneychain,CNY_sell,4.70620000
2024-12-27 09:46:37,moneychain,SGD_buy,0.83960000
2024-12-27 09:46:37,moneychain,SGD_sell,0.85510000
2024-12-27 09:46:37,moneychain,HKD_buy,4.78310000
2024-12-27 09:46:37,moneychain,HKD_sell,4.89310000
2024-12-27 09:46:37,moneychain,EUR_buy,0.59090000
2024-12-27 09:46:37,moneychain,EUR_sell,0.61690000
2024-12-27 09:46:37,moneychain,GBP_buy,0.48670000
2024-12-27 09:46:37,moneychain,GBP_sell,0.51170000
2024-12-27 09:46:37,moneychase,JPY_buy,95.77720000
2024-12-27 09:46:37,moneychase,JPY_sell,99.69890000
2024-12-27 09:46:37,moneychase,USD_buy,0.60850000
2024-12-27 09:46:37,moneychase,USD_sell,0.64150000
2024-12-27 09:46:37,moneychase,CNY_buy,4.48360000
2024-12-27 09:46:37,moneychase,CNY_sell,4.73360000
2024-12-27 09:46:37,moneychase,SGD_buy,0.82580000
2024-12-27 09:46:37,moneychase,SGD_sell,0.86570000
2024-12-27 09:46:37,moneychase,HKD_buy,4.77300000
2024-12-27 09:46:37,moneychase,HKD_sell,4.96330000
2024-12-27 09:46:37,moneychase,EUR_buy,0.57600000
2024-12-27 09:46:37,moneychase,EUR_sell,0.61090000
2024-12-27 09:46:37,moneychase,GBP_buy,0.48070000
2024-12-27 09:46:37,moneychase,GBP_sell,0.51770000
2024-12-27 09:46:36,wise,AUD_to_JPY_midmarket,98.21070000
2024-12-27 09:46:40,wise,AUD_to_USD_midmarket,0.62195000
2024-12-27 09:46:39,pandaremit,AUD_to_CNY_midmarket,4.57450000
2024-12-27 09:46:41,wise,AUD_to_CNY_midmarket,4.53929000
2024-12-27 09:46:41,pandaremit,AUD_to_SGD_midmarket,0.84290000
2024-12-27 09:46:41,pandaremit,AUD_to_HKD_midmarket,4.81390000
2024-12-27 09:46:41,pandaremit,AUD_to_EUR_midmarket,0.59520000
2024-12-27 09:46:41,pandaremit,AUD_to_GBP_midmarket,0.49370000
2024-12-27 09:46:43,wise,AUD_to_SGD_midmarket,0.84548500
2024-12-27 09:46:44,wise,AUD_to_HKD_midmarket,4.83170000
2024-12-27 09:46:45,wise,AUD_to_EUR_midmarket,0.59670000
2024-12-27 09:46:46,wise,AUD_to_GBP_midmarket,0.49650800
2024-12-27 09:47:14,webtradepay,JPY_buy,97.16930000
2024-12-27 09:47:14,webtradepay,JPY_sell,98.95310000
2024-12-27 09:47:14,webtradepay,USD_buy,0.61380000
2024-12-27 09:47:14,webtradepay,USD_sell,0.63020000
2024-12-27 09:47:14,webtradepay,CNY_buy,4.54190000
2024-12-27 09:47:14,webtradepay,CNY_sell,4.71740000
2024-12-27 09:47:14,webtradepay,SGD_buy,0.83890000
2024-12-27 09:47:14,webtradepay,SGD_sell,0.85210000
2024-12-27 09:47:14,webtradepay,HKD_buy,4.70990000
2024-12-27 09:47:14,webtradepay,HKD_sell,4.87370000
2024-12-27 09:47:14,webtradepay,EUR_buy,0.59050000
2024-12-27 09:47:14,webtradepay,EUR_sell,0.60690000
2024-12-27 09:47:14,webtradepay,GBP_buy,0.49050000
2024-12-27 09:47:14,webtradepay,GBP_sell,0.50280000
2024-12-27 09:47:14,pandaremit,AUD_to_JPY_midmarket,97.72270000
2024-12-27 09:47:14,cba,JPY_buy,93.08000000
2024-12-27 09:47:15,pandaremit,AUD_to_USD_midmarket,0.61970000
2024-12-27 09:47:14,cba,JPY_sell,102.84000000
2024-12-27 09:47:14,cba,USD_buy,0.59700000
2024-12-27 09:47:14,cba,USD_sell,0.64730000
2024-12-27 09:47:14,cba,CNY_buy,
2024-12-27 09:47:14,cba,CNY_sell,
2024-12-27 09:47:14,cba,SGD_buy,0.80940000
2024-12-27 09:47:14,cba,SGD_sell,0.88130000
2024-12-27 09:47:14,cba,HKD_buy,4.62700000
2024-12-27 09:47:14,cba,HKD_sell,5.03880000
2024-12-27 09:47:14,cba,EUR_buy,0.57220000
2024-12-27 09:47:14,cba,EUR_sell,0.62200000
2024-12-27 09:47:14,cba,GBP_buy,0.47610000
2024-12-27 09:47:14,cba,GBP_sell,0.51740000
2024-12-27 09:47:15,moneychain,JPY_buy,97.21400000
2024-12-27 09:47:15,moneychain,JPY_sell,99.91400000
2024-12-27 09:47:15,moneychain,USD_buy,0.61510000
2024-12-27 09:47:15,moneychain,USD_sell,0.62910000
2024-12-27 09:47:15,moneychain,CNY_buy,4.53620000
2024-12-27 09:47:15,moneychain,CNY_sell,4.70620000
2024-12-27 09:47:15,moneychain,SGD_buy,0.83960000
2024-12-27 09:47:15,moneychain,SGD_sell,0.85510000
2024-12-27 09:47:15,moneychain,HKD_buy,4.78310000
2024-12-27 09:47:15,moneychain,HKD_sell,4.89310000
2024-12-27 09:47:15,moneychain,EUR_buy,0.59090000
2024-12-27 09:47:15,moneychain,EUR_sell,0.61690000
2024-12-27 09:47:15,moneychain,GBP_buy,0.48670000
2024-12-27 09:47:15,moneychain,GBP_sell,0.51170000
2024-12-27 09:47:16,anz,JPY_buy,94.94000000
2024-12-27 09:47:16,anz,JPY_sell,101.36000000
2024-12-27 09:47:16,moneychase,JPY_buy,95.71720000
2024-12-27 09:47:16,moneychase,JPY_sell,99.63890000
2024-12-27 09:47:16,anz,USD_buy,0.60140000
2024-12-27 09:47:16,anz,USD_sell,0.64080000
2024-12-27 09:47:16,moneychase,USD_buy,0.60810000
2024-12-27 09:47:16,moneychase,USD_sell,0.64110000
2024-12-27 09:47:16,anz,CNY_buy,
2024-12-27 09:47:16,anz,CNY_sell,
2024-12-27 09:47:16,moneychase,CNY_buy,4.48070000
2024-12-27 09:47:16,moneychase,CNY_sell,4.73070000
2024-12-27 09:47:16,anz,SGD_buy,0.81700000
2024-12-27 09:47:16,anz,SGD_sell,0.87400000
2024-12-27 09:47:16,moneychase,SGD_buy,0.82520000
2024-12-27 09:47:16,moneychase,SGD_sell,0.86510000
2024-12-27 09:47:16,anz,HKD_buy,4.67200000
2024-12-27 09:47:16,anz,HKD_sell,4.98100000
2024-12-27 09:47:16,moneychase,HKD_buy,4.76990000
2024-12-27 09:47:16,moneychase,HKD_sell,4.96020000
2024-12-27 09:47:16,anz,EUR_buy,0.57620000
2024-12-27 09:47:16,anz,EUR_sell,0.61690000
2024-12-27 09:47:16,moneychase,EUR_buy,0.57560000
2024-12-27 09:47:16,moneychase,EUR_sell,0.61050000
2024-12-27 09:47:16,anz,GBP_buy,0.47960000
2024-12-27 09:47:16,anz,GBP_sell,0.51310000
2024-12-27 09:47:16,moneychase,GBP_buy,0.48040000
2024-12-27 09:47:16,moneychase,GBP_sell,0.51740000
2024-12-27 09:47:15,wise,AUD_to_JPY_midmarket,98.20590000
2024-12-27 09:47:18,wise,AUD_to_USD_midmarket,0.62195000
2024-12-27 09:47:16,pandaremit,AUD_to_CNY_midmarket,4.57450000
2024-12-27 09:47:19,pandaremit,AUD_to_SGD_midmarket,0.84290000
2024-12-27 09:47:19,pandaremit,AUD_to_HKD_midmarket,4.81390000
2024-12-27 09:47:19,pandaremit,AUD_to_EUR_midmarket,0.59520000
2024-12-27 09:47:19,pandaremit,AUD_to_GBP_midmarket,0.49370000
2024-12-27 09:47:19,wise,AUD_to_CNY_midmarket,4.53929000
2024-12-27 09:47:21,wise,AUD_to_SGD_midmarket,0.84541700
2024-12-27 09:47:22,wise,AUD_to_HKD_midmarket,4.83131000
2024-12-27 09:47:23,wise,AUD_to_EUR_midmarket,0.59665200
2024-12-27 09:47:25,wise,AUD_to_GBP_midmarket,0.49644800
2024-12-27 09:47:14,webtradepay,JPY_buy,97.16930000
2024-12-27 09:47:14,webtradepay,JPY_sell,98.95310000
2024-12-27 09:47:14,webtradepay,USD_buy,0.61380000
2024-12-27 09:47:14,webtradepay,USD_sell,0.63020000
2024-12-27 09:47:14,webtradepay,CNY_buy,4.54190000
2024-12-27 09:47:14,webtradepay,CNY_sell,4.71740000
2024-12-27 09:47:14,webtradepay,SGD_buy,0.83890000
2024-12-27 09:47:14,webtradepay,SGD_sell,0.85210000
2024-12-27 09:47:14,webtradepay,HKD_buy,4.70990000
2024-12-27 09:47:14,webtradepay,HKD_sell,4.87370000
2024-12-27 09:47:14,webtradepay,EUR_buy,0.59050000
2024-12-27 09:47:14,webtradepay,EUR_sell,0.60690000
2024-12-27 09:47:14,webtradepay,GBP_buy,0.49050000
2024-12-27 09:47:14,webtradepay,GBP_sell,0.50280000
2024-12-27 09:47:14,pandaremit,AUD_to_JPY_midmarket,97.72270000
2024-12-27 09:47:14,cba,JPY_buy,93.08000000
2024-12-27 09:47:15,pandaremit,AUD_to_USD_midmarket,0.61970000
2024-12-27 09:47:14,cba,JPY_sell,102.84000000
2024-12-27 09:47:14,cba,USD_buy,0.59700000
2024-12-27 09:47:14,cba,USD_sell,0.64730000
2024-12-27 09:47:14,cba,CNY_buy,
2024-12-27 09:47:14,cba,CNY_sell,
2024-12-27 09:47:14,cba,SGD_buy,0.80940000
2024-12-27 09:47:14,cba,SGD_sell,0.88130000
2024-12-27 09:47:14,cba,HKD_buy,4.62700000
2024-12-27 09:47:14,cba,HKD_sell,5.03880000
2024-12-27 09:47:14,cba,EUR_buy,0.57220000
2024-12-27 09:47:14,cba,EUR_sell,0.62200000
2024-12-27 09:47:14,cba,GBP_buy,0.47610000
2024-12-27 09:47:14,cba,GBP_sell,0.51740000
2024-12-27 09:47:15,moneychain,JPY_buy,97.21400000
2024-12-27 09:47:15,moneychain,JPY_sell,99.91400000
2024-12-27 09:47:15,moneychain,USD_buy,0.61510000
2024-12-27 09:47:15,moneychain,USD_sell,0.62910000
2024-12-27 09:47:15,moneychain,CNY_buy,4.53620000
2024-12-27 09:47:15,moneychain,CNY_sell,4.70620000
2024-12-27 09:47:15,moneychain,SGD_buy,0.83960000
2024-12-27 09:47:15,moneychain,SGD_sell,0.85510000
2024-12-27 09:47:15,moneychain,HKD_buy,4.78310000
2024-12-27 09:47:15,moneychain,HKD_sell,4.89310000
2024-12-27 09:47:15,moneychain,EUR_buy,0.59090000
2024-12-27 09:47:15,moneychain,EUR_sell,0.61690000
2024-12-27 09:47:15,moneychain,GBP_buy,0.48670000
2024-12-27 09:47:15,moneychain,GBP_sell,0.51170000
2024-12-27 09:47:16,anz,JPY_buy,94.94000000
2024-12-27 09:47:16,anz,JPY_sell,101.36000000
2024-12-27 09:47:16,moneychase,JPY_buy,95.71720000
2024-12-27 09:47:16,moneychase,JPY_sell,99.63890000
2024-12-27 09:47:16,anz,USD_buy,0.60140000
2024-12-27 09:47:16,anz,USD_sell,0.64080000
2024-12-27 09:47:16,moneychase,USD_buy,0.60810000
2024-12-27 09:47:16,moneychase,USD_sell,0.64110000
2024-12-27 09:47:16,anz,CNY_buy,
2024-12-27 09:47:16,anz,CNY_sell,
2024-12-27 09:47:16,moneychase,CNY_buy,4.48070000
2024-12-27 09:47:16,moneychase,CNY_sell,4.73070000
2024-12-27 09:47:16,anz,SGD_buy,0.81700000
2024-12-27 09:47:16,anz,SGD_sell,0.87400000
2024-12-27 09:47:16,moneychase,SGD_buy,0.82520000
2024-12-27 09:47:16,moneychase,SGD_sell,0.86510000
2024-12-27 09:47:16,anz,HKD_buy,4.67200000
2024-12-27 09:47:16,anz,HKD_sell,4.98100000
2024-12-27 09:47:16,moneychase,HKD_buy,4.76990000
2024-12-27 09:47:16,moneychase,HKD_sell,4.96020000
2024-12-27 09:47:16,anz,EUR_buy,0.57620000
2024-12-27 09:47:16,anz,EUR_sell,0.61690000
2024-12-27 09:47:16,moneychase,EUR_buy,0.57560000
2024-12-27 09:47:16,moneychase,EUR_sell,0.61050000
2024-12-27 09:47:16,anz,GBP_buy,0.47960000
2024-12-27 09:47:16,anz,GBP_sell,0.51310000
2024-12-27 09:47:16,moneychase,GBP_buy,0.48040000
2024-12-27 09:47:16,moneychase,GBP_sell,0.51740000
2024-12-27 09:47:15,wise,AUD_to_JPY_midmarket,98.20590000
2024-12-27 09:47:18,wise,AUD_to_USD_midmarket,0.62195000
2024-12-27 09:47:16,pandaremit,AUD_to_CNY_midmarket,4.57450000
2024-12-27 09:47:19,pandaremit,AUD_to_SGD_midmarket,0.84290000
2024-12-27 09:47:19,pandaremit,AUD_to_HKD_midmarket,4.81390000
2024-12-27 09:47:19,pandaremit,AUD_to_EUR_midmarket,0.59520000
2024-12-27 09:47:19,pandaremit,AUD_to_GBP_midmarket,0.49370000
2024-12-27 09:47:19,wise,AUD_to_CNY_midmarket,4.53929000
2024-12-27 09:47:21,wise,AUD_to_SGD_midmarket,0.84541700
2024-12-27 09:47:22,wise,AUD_to_HKD_midmarket,4.83131000
2024-12-27 09:47:23,wise,AUD_to_EUR_midmarket,0.59665200
2024-12-27 09:47:25,wise,AUD_to_GBP_midmarket,0.49644800
2024-12-27 09:47:31,webtradepay,JPY_buy,97.16930000
2024-12-27 09:47:31,webtradepay,JPY_sell,98.95310000
2024-12-27 09:47:31,webtradepay,USD_buy,0.61380000
2024-12-27 09:47:31,webtradepay,USD_sell,0.63020000
2024-12-27 09:47:31,webtradepay,CNY_buy,4.54190000
2024-12-27 09:47:31,webtradepay,CNY_sell,4.71740000
2024-12-27 09:47:31,webtradepay,SGD_buy,0.83890000
2024-12-27 09:47:31,webtradepay,SGD_sell,0.85210000
2024-12-27 09:47:31,webtradepay,HKD_buy,4.70990000
2024-12-27 09:47:31,webtradepay,HKD_sell,4.87370000
2024-12-27 09:47:31,webtradepay,EUR_buy,0.59050000
2024-12-27 09:47:31,webtradepay,EUR_sell,0.60690000
2024-12-27 09:47:31,webtradepay,GBP_buy,0.49050000
2024-12-27 09:47:31,webtradepay,GBP_sell,0.50280000
2024-12-27 09:47:32,pandaremit,AUD_to_JPY_midmarket,97.72270000
2024-12-27 09:47:32,pandaremit,AUD_to_USD_midmarket,0.61970000
2024-12-27 09:47:31,cba,JPY_buy,93.08000000
2024-12-27 09:47:31,cba,JPY_sell,102.84000000
2024-12-27 09:47:31,cba,USD_buy,0.59700000
2024-12-27 09:47:31,cba,USD_sell,0.64730000
2024-12-27 09:47:31,cba,CNY_buy,
2024-12-27 09:47:31,cba,CNY_sell,
2024-12-27 09:47:31,cba,SGD_buy,0.80940000
2024-12-27 09:47:31,cba,SGD_sell,0.88130000
2024-12-27 09:47:31,cba,HKD_buy,4.62700000
2024-12-27 09:47:31,cba,HKD_sell,5.03880000
2024-12-27 09:47:31,cba,EUR_buy,0.57220000
2024-12-27 09:47:31,cba,EUR_sell,0.62200000
2024-12-27 09:47:31,cba,GBP_buy,0.47610000
2024-12-27 09:47:31,cba,GBP_sell,0.51740000
2024-12-27 09:47:33,moneychain,JPY_buy,97.20450000
2024-12-27 09:47:33,moneychain,JPY_sell,99.90450000
2024-12-27 09:47:33,moneychain,USD_buy,0.61510000
2024-12-27 09:47:33,moneychain,USD_sell,0.62910000
2024-12-27 09:47:33,moneychain,CNY_buy,4.53620000
2024-12-27 09:47:33,moneychain,CNY_sell,4.70620000
2024-12-27 09:47:33,moneychain,SGD_buy,0.83940000
2024-12-27 09:47:33,moneychain,SGD_sell,0.85490000
2024-12-27 09:47:33,anz,JPY_buy,94.94000000
2024-12-27 09:47:33,moneychain,HKD_buy,4.78310000
2024-12-27 09:47:33,moneychain,HKD_sell,4.89310000
2024-12-27 09:47:33,anz,JPY_sell,101.36000000
2024-12-27 09:47:33,moneychain,EUR_buy,0.59090000
2024-12-27 09:47:33,anz,USD_buy,0.60140000
2024-12-27 09:47:33,anz,USD_sell,0.64080000
2024-12-27 09:47:33,moneychain,EUR_sell,0.61690000
2024-12-27 09:47:33,moneychain,GBP_buy,0.48670000
2024-12-27 09:47:33,anz,CNY_buy,
2024-12-27 09:47:33,moneychain,GBP_sell,0.51170000
2024-12-27 09:47:33,anz,CNY_sell,
2024-12-27 09:47:33,anz,SGD_buy,0.81700000
2024-12-27 09:47:33,anz,SGD_sell,0.87400000
2024-12-27 09:47:33,anz,HKD_buy,4.67200000
2024-12-27 09:47:33,anz,HKD_sell,4.98100000
2024-12-27 09:47:33,anz,EUR_buy,0.57620000
2024-12-27 09:47:33,anz,EUR_sell,0.61690000
2024-12-27 09:47:33,anz,GBP_buy,0.47960000
2024-12-27 09:47:33,anz,GBP_sell,0.51310000
2024-12-27 09:47:33,moneychase,JPY_buy,95.71720000
2024-12-27 09:47:33,moneychase,JPY_sell,99.63890000
2024-12-27 09:47:33,moneychase,USD_buy,0.60810000
2024-12-27 09:47:33,moneychase,USD_sell,0.64110000
2024-12-27 09:47:33,moneychase,CNY_buy,4.48070000
2024-12-27 09:47:33,moneychase,CNY_sell,4.73070000
2024-12-27 09:47:33,moneychase,SGD_buy,0.82520000
2024-12-27 09:47:33,moneychase,SGD_sell,0.86510000
2024-12-27 09:47:33,moneychase,HKD_buy,4.76990000
2024-12-27 09:47:33,moneychase,HKD_sell,4.96020000
2024-12-27 09:47:33,moneychase,EUR_buy,0.57560000
2024-12-27 09:47:33,moneychase,EUR_sell,0.61050000
2024-12-27 09:47:33,moneychase,GBP_buy,0.48040000
2024-12-27 09:47:33,moneychase,GBP_sell,0.51740000
2024-12-27 09:47:35,wise,AUD_to_JPY_midmarket,98.21070000
2024-12-27 09:47:36,wise,AUD_to_USD_midmarket,0.62200000
2024-12-27 09:47:33,pandaremit,AUD_to_CNY_midmarket,4.57450000
2024-12-27 09:47:36,pandaremit,AUD_to_SGD_midmarket,0.84290000
2024-12-27 09:47:36,pandaremit,AUD_to_HKD_midmarket,4.81390000
2024-12-27 09:47:36,pandaremit,AUD_to_EUR_midmarket,0.59520000
2024-12-27 09:47:36,pandaremit,AUD_to_GBP_midmarket,0.49370000
2024-12-27 09:47:37,wise,AUD_to_CNY_midmarket,4.53893000
2024-12-27 09:47:38,wise,AUD_to_SGD_midmarket,0.84541700
2024-12-27 09:47:40,wise,AUD_to_HKD_midmarket,4.83131000
2024-12-27 09:47:41,wise,AUD_to_EUR_midmarket,0.59665200
2024-12-27 09:47:42,wise,AUD_to_GBP_midmarket,0.49656700
